Employee ID,Year,1,2,3,4,5,6,7,8,9,10,11,12
1001.0,2020,1,0,1,0,0,0,0,1,0,1,1,0
1001.0,2021,1,1,1,0,0,0,0,0,0,1,0,0
1001.0,2022,1,1,0,0,0,0,0,0,0,0,0,1
1001.0,2023,0,1,0,0,1,0,1,1,1,0,0,0
1001.0,2024,0,0,1,0,1,1,0,0,1,0,0,0
1001.0,2025,0,1,0,0,0,0,0,0,0,0,0,0
1002.0,2020,0,0,0,0,0,0,0,0,0,0,0,0
1002.0,2021,0,0,0,0,0,0,0,0,0,0,0,0
1002.0,2022,0,1,0,0,0,0,1,0,1,1,0,1
1002.0,2023,0,1,0,0,1,1,0,0,0,1,1,1
1002.0,2024,0,0,0,0,0,0,0,0,0,0,0,0
1002.0,2025,0,0,0,0,0,0,0,0,0,0,0,0
1005.0,2020,0,0,0,0,0,0,0,0,0,0,0,0
1005.0,2021,0,0,0,0,0,0,0,0,0,0,0,0
1005.0,2022,0,0,1,1,1,0,0,0,0,0,0,0
1005.0,2023,0,0,1,1,0,1,0,0,0,0,1,1
1005.0,2024,0,0,0,0,0,0,0,0,0,0,1,0
1005.0,2025,0,1,0,0,1,0,0,1,1,1,0,0
1011.0,2020,0,0,0,0,0,0,0,0,0,0,0,0
1011.0,2021,0,0,0,0,0,0,0,0,0,0,0,0
1011.0,2022,1,1,0,1,0,1,0,0,0,0,0,1
1011.0,2023,0,1,0,0,1,0,0,0,0,0,0,0
1011.0,2024,0,0,0,0,0,0,0,0,0,0,0,0
1011.0,2025,0,0,0,0,0,0,0,0,0,0,0,0
1014.0,2020,0,0,0,0,0,0,0,0,0,0,0,0
1014.0,2021,0,0,0,0,0,0,0,0,0,0,0,0
1014.0,2022,0,0,0,0,0,0,0,0,1,0,0,1
1014.0,2023,0,1,0,0,0,1,0,1,1,0,0,1
1014.0,2024,0,0,0,0,0,0,0,0,0,0,0,0
1014.0,2025,0,0,0,0,0,0,0,0,0,0,0,0
1019.0,2020,0,0,0,0,0,0,0,0,0,0,0,0
1019.0,2021,0,0,0,0,0,0,0,0,0,0,0,0
1019.0,2022,0,0,1,1,0,1,1,1,0,0,0,0
1019.0,2023,1,1,0,1,1,1,1,1,0,1,1,0
1019.0,2024,0,0,0,0,0,0,0,0,0,0,0,0
1019.0,2025,0,0,0,0,0,0,0,0,0,0,0,0
1024.0,2020,0,0,1,0,0,0,1,0,0,0,0,0
1024.0,2021,0,0,1,0,0,1,0,0,1,0,0,0
1024.0,2022,0,0,0,0,0,0,0,0,0,0,0,0
1024.0,2023,0,0,0,0,0,0,0,0,0,0,0,0
1024.0,2024,0,0,0,0,0,0,0,0,0,0,0,0
1024.0,2025,0,0,0,0,0,0,0,0,0,0,0,0
1035.0,2020,0,0,0,0,0,0,0,0,1,0,0,0
1035.0,2021,0,1,0,0,0,0,0,0,0,0,0,0
1035.0,2022,0,0,0,0,0,0,0,0,0,0,0,0
1035.0,2023,0,0,0,0,0,0,0,0,0,0,0,0
1035.0,2024,0,1,0,0,0,0,0,0,0,0,1,0
1035.0,2025,0,0,0,0,1,0,0,0,0,1,0,0
1048.0,2020,1,0,0,0,0,0,1,0,0,0,0,0
1048.0,2021,0,0,0,1,0,0,0,0,0,0,0,0
1048.0,2022,0,0,0,0,0,0,0,0,0,0,0,0
1048.0,2023,0,1,1,0,0,0,0,0,0,0,1,0
1048.0,2024,0,0,0,0,0,0,0,0,0,0,0,0
1048.0,2025,0,0,0,0,1,0,0,0,0,0,0,0
1056.0,2020,0,0,0,0,0,0,0,0,0,0,0,0
1056.0,2021,0,1,0,0,0,0,1,0,0,0,0,1
1056.0,2022,1,1,0,1,0,1,1,1,1,1,0,0
1056.0,2023,0,1,0,0,0,0,0,0,1,0,0,0
1056.0,2024,0,1,0,0,1,0,0,0,0,0,0,0
1056.0,2025,0,1,1,1,1,0,0,0,0,1,1,0
1083.0,2020,0,0,0,0,0,0,0,0,0,0,0,0
1083.0,2021,0,0,0,0,0,0,0,0,0,0,0,0
1083.0,2022,0,0,0,0,0,0,0,0,0,0,0,0
1083.0,2023,1,0,1,0,0,0,0,1,0,1,1,1
1083.0,2024,0,0,0,1,0,0,1,1,1,0,1,1
1083.0,2025,1,0,1,1,1,0,1,0,1,1,1,0
1087.0,2020,0,0,0,0,0,0,0,0,0,0,0,0
1087.0,2021,0,0,0,0,0,0,0,0,0,0,0,0
1087.0,2022,1,1,1,1,0,1,1,1,0,1,0,1
1087.0,2023,0,0,0,1,0,0,0,1,1,1,0,0
1087.0,2024,0,0,0,0,0,0,0,0,0,0,0,0
1087.0,2025,0,0,0,0,0,0,0,0,0,0,0,0
1090.0,2020,0,0,0,0,0,0,0,0,0,0,0,0
1090.0,2021,0,0,0,0,0,0,0,0,0,0,0,0
1090.0,2022,0,0,0,0,0,0,0,0,0,0,0,0
1090.0,2023,0,1,1,0,1,1,0,1,0,1,1,0
1090.0,2024,1,1,0,0,0,0,0,1,0,1,1,0
1090.0,2025,0,1,0,1,1,0,1,0,0,0,0,1
1098.0,2020,0,0,0,0,0,1,0,0,0,0,0,0
1098.0,2021,0,0,0,0,0,0,1,0,0,1,0,0
1098.0,2022,1,0,1,0,0,0,1,0,1,0,0,0
1098.0,2023,0,0,0,0,0,1,0,0,0,0,0,0
1098.0,2024,0,0,0,0,0,0,0,0,0,0,0,0
1098.0,2025,0,0,0,0,0,0,0,0,0,0,0,0
1105.0,2020,0,0,0,0,0,0,1,0,1,0,0,0
1105.0,2021,1,1,1,1,0,0,1,0,0,0,0,0
1105.0,2022,0,0,0,0,0,0,0,0,0,0,0,0
1105.0,2023,0,0,0,0,0,0,0,0,0,0,0,0
1105.0,2024,0,0,0,0,0,0,0,0,0,0,0,0
1105.0,2025,0,0,0,0,0,0,0,0,0,0,0,0
1124.0,2020,0,1,0,0,0,1,0,0,1,0,0,1
1124.0,2021,0,0,1,1,0,0,0,0,0,0,0,0
1124.0,2022,0,0,0,0,0,0,0,0,0,0,0,0
1124.0,2023,0,0,0,0,0,0,0,0,0,0,0,0
1124.0,2024,0,0,0,0,0,0,0,0,0,0,0,0
1124.0,2025,0,0,0,0,0,0,0,0,0,0,0,0
1170.0,2020,0,0,0,0,0,0,0,0,0,0,0,0
1170.0,2021,0,0,0,0,0,0,0,0,0,0,0,0
1170.0,2022,0,0,0,0,0,0,0,0,0,0,0,0
1170.0,2023,0,0,0,1,0,0,1,0,0,1,0,1
1170.0,2024,0,0,0,0,0,0,1,0,0,0,0,0
1170.0,2025,0,0,1,0,0,0,0,0,0,0,1,1
1184.0,2020,0,0,0,0,0,0,0,0,0,0,0,0
1184.0,2021,0,0,0,0,0,0,0,0,0,0,0,0
1184.0,2022,0,1,1,1,0,0,0,1,1,0,0,0
1184.0,2023,1,1,1,1,1,1,0,1,1,1,0,1
1184.0,2024,0,0,0,0,0,0,0,0,0,0,0,0
1184.0,2025,0,0,0,0,0,0,0,0,0,0,0,0
1196.0,2020,0,0,0,0,0,0,0,0,0,0,0,0
1196.0,2021,0,0,0,0,1,0,0,0,0,0,0,0
1196.0,2022,0,0,1,0,0,0,0,0,0,1,0,0
1196.0,2023,1,0,0,0,0,0,0,0,0,0,0,0
1196.0,2024,0,0,0,0,0,1,0,0,0,0,0,0
1196.0,2025,0,1,1,0,0,0,0,1,0,0,0,0
1203.0,2020,0,0,0,0,0,1,0,0,0,0,1,0
1203.0,2021,0,0,0,0,0,0,0,0,0,0,0,0
1203.0,2022,0,0,0,0,0,0,0,0,0,0,0,0
1203.0,2023,0,0,1,0,1,0,1,0,1,0,0,0
1203.0,2024,0,0,0,0,0,0,0,0,0,0,0,0
1203.0,2025,0,0,0,0,0,0,0,0,0,0,0,0
1223.0,2020,0,0,0,0,0,0,0,0,0,0,0,0
1223.0,2021,0,0,0,0,1,1,0,1,1,0,0,1
1223.0,2022,0,0,0,1,1,1,0,0,1,0,1,1
1223.0,2023,0,0,0,0,0,0,0,1,0,0,0,0
1223.0,2024,0,0,0,0,0,1,1,0,0,0,0,0
1223.0,2025,1,1,0,1,1,0,0,1,0,0,0,1
1238.0,2020,1,1,1,1,0,1,1,0,0,1,0,0
1238.0,2021,0,1,1,1,0,0,0,1,1,1,1,1
1238.0,2022,0,0,0,0,0,0,0,0,0,0,0,0
1238.0,2023,0,0,0,0,0,0,0,0,0,0,0,0
1238.0,2024,0,0,0,0,0,0,0,0,0,0,0,0
1238.0,2025,0,0,0,0,0,0,0,0,0,0,0,0
1269.0,2020,0,0,0,0,0,0,0,0,0,0,0,0
1269.0,2021,0,0,0,0,0,0,0,0,0,0,0,0
1269.0,2022,0,1,0,1,1,1,1,0,1,1,1,0
1269.0,2023,1,0,1,1,0,1,0,1,0,0,1,1
1269.0,2024,1,0,0,1,0,0,1,0,0,0,1,0
1269.0,2025,0,1,0,0,0,0,0,0,0,0,0,0
1273.0,2020,0,0,1,1,1,1,0,0,0,1,1,0
1273.0,2021,1,1,1,1,1,0,0,0,0,0,1,0
1273.0,2022,0,0,0,0,0,0,0,0,0,0,0,0
1273.0,2023,0,0,0,0,0,0,0,0,0,0,0,0
1273.0,2024,0,0,0,0,0,0,0,0,0,0,0,0
1273.0,2025,0,0,0,0,0,0,0,0,0,0,0,0
1274.0,2020,0,0,0,0,0,0,0,0,0,0,0,0
1274.0,2021,0,0,0,0,0,0,0,0,0,0,0,0
1274.0,2022,1,0,0,1,0,0,0,1,0,1,0,0
1274.0,2023,0,1,0,0,0,0,1,1,1,0,1,0
1274.0,2024,1,0,0,1,0,0,1,0,0,0,1,0
1274.0,2025,1,0,0,0,1,0,1,0,0,1,1,1
1278.0,2020,0,0,0,1,0,0,1,1,0,0,0,0
1278.0,2021,0,0,1,1,0,1,0,0,1,0,1,0
1278.0,2022,0,0,0,1,0,0,0,0,0,0,0,0
1278.0,2023,0,0,0,0,0,0,0,0,0,0,0,0
1278.0,2024,0,1,0,0,0,0,1,0,0,0,0,0
1278.0,2025,1,0,0,0,0,0,0,0,0,1,0,0
1292.0,2020,1,0,0,0,0,0,0,0,0,0,0,0
1292.0,2021,0,1,0,1,0,0,0,0,0,0,1,0
1292.0,2022,0,1,0,0,0,0,0,0,0,0,1,0
1292.0,2023,0,0,0,0,0,0,0,0,0,0,0,0
1292.0,2024,0,0,0,0,1,0,0,1,0,0,0,0
1292.0,2025,0,0,0,0,0,0,0,1,0,0,0,1
1329.0,2020,0,0,0,0,0,0,0,0,0,0,0,0
1329.0,2021,0,0,0,0,0,0,0,0,0,0,0,0
1329.0,2022,1,0,1,1,0,1,1,0,1,0,1,1
1329.0,2023,1,0,1,0,0,1,1,0,1,1,0,1
1329.0,2024,0,0,0,0,0,0,0,0,0,0,0,0
1329.0,2025,0,0,0,0,0,0,0,0,0,0,0,0
1334.0,2020,1,1,0,1,1,1,1,1,1,1,1,1
1334.0,2021,0,0,0,0,0,0,0,0,0,0,0,0
1334.0,2022,0,0,0,0,0,0,0,0,0,0,0,0
1334.0,2023,0,0,0,0,0,0,0,0,0,0,0,0
1334.0,2024,0,0,0,0,0,0,0,0,0,0,0,0
1334.0,2025,0,0,0,0,0,0,0,0,0,0,0,0
1360.0,2020,0,0,0,0,0,0,0,0,0,0,0,0
1360.0,2021,0,0,0,0,0,1,1,0,1,0,0,0
1360.0,2022,0,0,0,0,1,0,1,0,0,1,1,1
1360.0,2023,1,0,0,1,0,0,0,0,0,0,0,0
1360.0,2024,0,0,0,0,0,1,1,0,0,1,1,1
1360.0,2025,0,1,0,0,1,0,1,0,0,0,1,1
1366.0,2020,0,0,0,0,0,0,0,0,0,0,0,0
1366.0,2021,0,0,0,0,0,0,0,0,0,0,0,0
1366.0,2022,0,0,0,0,0,1,0,1,0,1,0,0
1366.0,2023,0,0,0,0,0,0,0,0,0,0,0,0
1366.0,2024,0,0,0,0,0,0,0,0,0,0,0,0
1366.0,2025,0,0,0,0,0,0,0,0,0,0,0,0
1371.0,2020,0,0,0,0,0,0,0,0,0,0,0,0
1371.0,2021,1,1,1,1,1,1,1,1,1,1,0,1
1371.0,2022,0,0,0,0,0,0,0,0,0,0,0,0
1371.0,2023,0,0,0,0,0,0,0,0,0,0,0,0
1371.0,2024,0,0,0,0,0,0,0,0,0,0,0,0
1371.0,2025,0,0,0,0,0,0,0,0,0,0,0,0
1382.0,2020,0,0,0,0,0,1,0,0,0,0,0,0
1382.0,2021,0,0,0,0,0,1,1,1,0,0,0,0
1382.0,2022,0,0,0,0,1,1,0,0,0,1,0,0
1382.0,2023,0,0,1,0,1,0,1,1,0,0,0,1
1382.0,2024,0,0,0,0,1,0,1,0,0,0,1,0
1382.0,2025,0,0,0,0,1,0,0,0,0,0,0,0
1428.0,2020,0,0,0,0,0,0,0,0,0,0,0,0
1428.0,2021,0,0,0,0,0,0,0,0,0,0,0,0
1428.0,2022,0,1,1,0,1,1,0,0,0,0,1,0
1428.0,2023,1,1,0,0,1,1,1,0,0,1,0,0
1428.0,2024,0,1,1,0,0,1,0,0,1,0,0,0
1428.0,2025,0,1,0,1,1,1,0,1,1,0,1,0
1434.0,2020,0,0,0,0,0,0,1,0,0,0,1,0
1434.0,2021,0,1,0,0,0,0,0,0,1,1,1,0
1434.0,2022,0,0,0,1,1,0,1,0,0,0,0,0
1434.0,2023,0,0,1,0,1,1,0,0,0,1,0,0
1434.0,2024,0,0,0,0,0,0,0,0,0,0,0,0
1434.0,2025,0,0,0,0,0,0,0,0,0,0,0,0
1437.0,2020,0,0,0,1,0,0,0,0,0,1,0,0
1437.0,2021,0,0,0,0,0,0,0,0,0,0,0,1
1437.0,2022,0,0,1,1,0,0,0,1,0,0,0,0
1437.0,2023,0,0,0,0,0,0,0,0,0,0,0,0
1437.0,2024,0,0,0,0,0,0,0,0,0,0,0,1
1437.0,2025,0,0,0,1,0,0,0,0,0,0,0,0
1459.0,2020,0,0,0,0,0,0,0,0,0,0,0,0
1459.0,2021,0,0,0,0,0,0,0,0,0,1,1,0
1459.0,2022,0,0,0,0,0,0,0,0,0,0,0,0
1459.0,2023,1,0,0,0,0,0,0,0,0,0,0,0
1459.0,2024,0,0,0,0,0,0,0,0,1,1,0,1
1459.0,2025,0,1,0,1,0,0,0,0,0,0,0,0
1462.0,2020,0,0,0,0,0,0,0,0,0,0,0,0
1462.0,2021,0,0,0,0,0,0,0,0,0,0,0,0
1462.0,2022,0,0,0,0,0,0,0,0,0,0,0,0
1462.0,2023,0,0,0,0,0,1,0,1,0,0,0,0
1462.0,2024,0,0,1,1,0,0,0,0,0,0,1,0
1462.0,2025,0,0,0,0,0,0,0,1,0,0,0,1
1468.0,2020,0,0,0,0,0,1,0,0,0,0,0,0
1468.0,2021,0,0,0,0,0,0,0,1,1,0,0,1
1468.0,2022,0,0,1,1,1,0,1,1,0,0,0,0
1468.0,2023,0,0,0,1,0,1,0,0,0,0,0,0
1468.0,2024,0,0,0,0,0,0,0,0,0,0,0,0
1468.0,2025,1,0,0,0,0,1,0,0,0,0,0,0
1517.0,2020,0,0,0,0,0,0,0,0,0,0,0,0
1517.0,2021,0,0,1,1,0,1,1,1,0,1,1,1
1517.0,2022,0,0,1,1,1,1,0,0,1,0,1,0
1517.0,2023,0,0,0,0,0,0,0,0,0,0,0,0
1517.0,2024,0,0,0,0,0,0,0,0,0,0,0,0
1517.0,2025,0,0,0,0,0,0,0,0,0,0,0,0
1527.0,2020,0,0,0,0,0,0,0,0,0,0,0,0
1527.0,2021,0,0,0,0,0,0,0,0,0,0,0,0
1527.0,2022,1,1,0,1,1,1,1,1,1,0,0,1
1527.0,2023,0,0,0,0,0,0,0,0,0,0,0,0
1527.0,2024,0,0,0,0,0,0,0,0,0,0,0,0
1527.0,2025,0,0,0,0,0,0,0,0,0,0,0,0
1533.0,2020,0,0,0,0,0,0,0,0,0,0,0,0
1533.0,2021,1,1,1,1,1,0,0,1,1,1,1,0
1533.0,2022,0,0,0,0,0,0,0,0,0,0,0,0
1533.0,2023,0,0,0,0,0,0,0,0,0,0,0,0
1533.0,2024,0,0,0,0,0,0,0,0,0,0,0,0
1533.0,2025,0,0,0,0,0,0,0,0,0,0,0,0
1534.0,2020,0,0,0,0,0,0,0,0,0,0,0,0
1534.0,2021,0,0,0,0,0,0,0,0,0,0,0,0
1534.0,2022,0,1,1,0,0,1,1,1,0,1,0,0
1534.0,2023,0,0,0,1,1,1,0,0,0,1,1,0
1534.0,2024,1,1,1,0,0,0,0,1,1,1,0,1
1534.0,2025,0,1,1,0,0,1,0,0,0,1,0,0
1548.0,2020,1,1,1,0,0,0,1,0,0,0,0,0
1548.0,2021,0,0,0,0,0,0,0,1,1,1,0,0
1548.0,2022,0,0,0,0,0,0,0,0,0,0,1,1
1548.0,2023,0,1,0,0,0,0,0,0,1,0,0,0
1548.0,2024,0,0,1,1,0,0,0,0,0,1,0,0
1548.0,2025,0,1,0,1,0,1,0,0,0,0,0,0
1572.0,2020,0,0,0,0,0,0,0,0,0,0,0,0
1572.0,2021,0,0,1,1,0,0,0,0,1,1,0,0
1572.0,2022,1,0,0,0,0,0,0,0,0,0,0,1
1572.0,2023,0,0,0,0,0,0,0,0,0,0,0,0
1572.0,2024,0,0,0,0,0,0,0,0,0,0,0,0
1572.0,2025,0,0,0,0,0,0,0,0,0,0,0,0
1577.0,2020,0,0,0,0,0,0,0,0,0,0,0,0
1577.0,2021,0,0,1,0,0,0,1,0,0,0,0,0
1577.0,2022,0,0,0,0,0,1,1,0,0,0,0,1
1577.0,2023,0,0,0,0,0,0,0,0,0,0,1,0
1577.0,2024,1,0,0,0,1,0,1,0,0,0,0,0
1577.0,2025,0,0,0,0,0,0,0,0,0,0,0,0
1590.0,2020,0,0,0,0,0,0,0,0,0,0,0,0
1590.0,2021,0,0,0,0,0,0,0,0,0,0,0,0
1590.0,2022,1,0,0,0,1,0,1,0,0,1,0,0
1590.0,2023,0,0,0,1,0,0,0,0,0,0,0,0
1590.0,2024,0,0,0,0,0,0,0,0,0,0,1,0
1590.0,2025,0,0,0,0,0,0,0,0,0,0,0,1
1592.0,2020,0,0,0,1,0,1,0,0,0,0,0,0
1592.0,2021,1,1,1,1,0,0,0,0,0,0,0,0
1592.0,2022,0,0,0,0,0,0,0,0,0,0,0,0
1592.0,2023,0,0,0,1,1,0,0,0,0,0,0,0
1592.0,2024,0,0,0,0,0,0,0,0,0,0,0,0
1592.0,2025,0,0,0,0,0,0,0,0,0,0,0,0
1600.0,2020,0,0,0,0,0,0,0,0,0,0,0,0
1600.0,2021,0,0,0,0,0,0,0,1,1,0,0,0
1600.0,2022,0,0,0,0,0,1,0,1,0,0,0,0
1600.0,2023,0,0,0,0,0,1,0,0,0,0,0,0
1600.0,2024,0,0,0,0,0,0,0,0,0,0,0,0
1600.0,2025,0,0,0,0,0,0,0,1,0,0,0,0
1603.0,2020,0,0,0,0,0,0,0,0,0,0,0,0
1603.0,2021,0,0,0,0,0,0,0,0,0,0,0,0
1603.0,2022,0,0,0,0,0,0,0,0,0,0,0,0
1603.0,2023,0,0,0,0,0,0,0,0,0,1,0,0
1603.0,2024,1,0,0,0,0,1,0,0,0,0,0,0
1603.0,2025,0,0,0,0,0,0,0,0,0,1,1,0
1613.0,2020,0,1,1,0,0,1,1,0,0,1,1,1
1613.0,2021,0,0,0,0,0,0,0,0,0,0,0,0
1613.0,2022,0,0,0,0,0,0,0,0,0,0,0,0
1613.0,2023,0,0,0,0,0,0,0,0,0,0,0,0
1613.0,2024,0,0,0,0,0,0,0,0,0,0,0,0
1613.0,2025,0,0,0,0,0,0,0,0,0,0,0,0
1621.0,2020,0,0,0,0,0,0,0,0,0,0,0,0
1621.0,2021,1,0,0,0,0,0,0,1,0,1,0,1
1621.0,2022,0,0,0,0,0,0,0,1,0,1,1,0
1621.0,2023,0,0,1,0,0,0,1,0,0,1,1,1
1621.0,2024,0,0,0,0,0,0,0,0,0,0,0,0
1621.0,2025,0,0,0,0,0,0,0,0,0,0,0,0
1626.0,2020,1,1,1,0,1,1,1,1,0,0,1,1
1626.0,2021,1,1,0,1,1,1,0,1,0,0,1,1
1626.0,2022,0,0,0,0,0,0,0,0,0,0,0,0
1626.0,2023,0,0,0,0,0,0,0,0,0,0,0,0
1626.0,2024,0,0,0,0,0,0,0,0,0,0,0,0
1626.0,2025,0,0,0,0,0,0,0,0,0,0,0,0
1627.0,2020,0,0,0,0,0,0,0,0,0,0,0,0
1627.0,2021,0,0,0,0,0,0,0,0,0,0,0,0
1627.0,2022,0,0,0,0,0,0,0,0,0,0,0,0
1627.0,2023,0,1,0,0,0,0,0,1,1,1,1,1
1627.0,2024,1,1,1,0,0,1,1,0,0,0,0,1
1627.0,2025,0,0,1,0,1,1,0,1,0,1,0,0
1676.0,2020,0,0,0,0,0,0,0,0,0,0,0,0
1676.0,2021,0,0,0,0,0,0,0,0,0,0,0,0
1676.0,2022,0,0,0,0,0,0,0,0,0,0,0,0
1676.0,2023,1,0,1,1,0,0,0,1,0,0,1,0
1676.0,2024,0,0,1,0,0,0,1,0,1,0,0,1
1676.0,2025,1,0,0,1,0,1,0,1,0,0,0,0
1694.0,2020,0,0,0,0,0,0,0,0,0,0,0,0
1694.0,2021,1,1,1,1,1,1,0,1,1,1,1,0
1694.0,2022,0,0,0,0,0,0,0,0,0,0,0,0
1694.0,2023,0,0,0,0,0,0,0,0,0,0,0,0
1694.0,2024,0,0,0,0,0,0,0,0,0,0,0,0
1694.0,2025,0,0,0,0,0,0,0,0,0,0,0,0
1708.0,2020,1,1,0,0,0,0,1,1,0,0,0,0
1708.0,2021,0,0,0,1,0,0,0,0,1,0,0,0
1708.0,2022,0,0,0,0,0,0,0,0,0,0,0,0
1708.0,2023,0,0,0,0,0,0,0,0,0,0,0,0
1708.0,2024,0,0,0,0,0,0,0,0,0,0,0,0
1708.0,2025,0,0,0,0,0,0,0,0,0,0,0,0
1732.0,2020,0,0,0,0,0,0,0,0,0,0,0,0
1732.0,2021,1,1,1,1,1,0,0,1,0,1,1,0
1732.0,2022,0,0,0,0,0,0,0,0,0,0,0,0
1732.0,2023,0,0,0,0,0,0,0,0,0,0,0,0
1732.0,2024,0,0,0,0,0,0,0,0,0,0,0,0
1732.0,2025,0,0,0,0,0,0,0,0,0,0,0,0
1748.0,2020,0,0,0,0,0,0,0,0,0,0,0,0
1748.0,2021,0,0,0,0,0,0,0,0,0,0,0,0
1748.0,2022,0,1,1,1,0,1,1,0,0,0,1,1
1748.0,2023,0,0,0,0,0,0,0,0,0,0,0,0
1748.0,2024,0,0,0,0,0,0,0,0,0,0,0,0
1748.0,2025,0,0,0,0,0,0,0,0,0,0,0,0
1762.0,2020,0,0,0,0,0,0,0,0,0,0,0,0
1762.0,2021,0,0,0,0,0,0,0,0,0,0,0,0
1762.0,2022,0,0,0,0,0,0,0,0,0,0,0,0
1762.0,2023,0,1,1,1,0,1,1,1,1,0,1,1
1762.0,2024,0,0,0,0,0,0,0,0,0,0,0,0
1762.0,2025,0,0,0,0,0,0,0,0,0,0,0,0
1774.0,2020,0,0,0,0,1,1,0,1,0,0,0,0
1774.0,2021,0,0,0,0,0,0,1,0,0,0,0,0
1774.0,2022,0,1,0,0,0,0,0,0,0,0,0,0
1774.0,2023,0,0,0,0,1,0,0,1,0,0,0,0
1774.0,2024,0,0,0,0,0,0,0,0,0,0,0,0
1774.0,2025,0,0,0,0,0,0,0,0,0,0,0,0
1775.0,2020,0,0,0,0,0,0,0,0,0,0,0,0
1775.0,2021,0,0,0,0,0,0,0,0,0,0,0,0
1775.0,2022,0,0,0,0,0,0,0,0,0,0,0,0
1775.0,2023,0,0,0,0,0,0,0,0,0,0,0,0
1775.0,2024,0,0,0,0,0,0,0,0,0,0,0,0
1775.0,2025,0,0,0,0,0,0,0,0,0,0,0,0
1783.0,2020,0,0,0,0,0,0,0,0,0,0,0,0
1783.0,2021,0,0,0,0,1,0,0,1,0,0,0,1
1783.0,2022,1,1,0,0,0,0,1,0,0,0,0,1
1783.0,2023,0,0,1,0,0,0,0,1,0,0,0,0
1783.0,2024,1,1,0,1,0,0,0,0,0,0,0,0
1783.0,2025,0,1,1,0,0,0,0,0,1,0,0,0
1788.0,2020,0,0,0,1,1,0,0,1,0,0,0,0
1788.0,2021,0,1,1,1,1,0,0,0,0,0,0,0
1788.0,2022,0,0,1,1,0,1,0,1,0,0,0,0
1788.0,2023,1,0,0,0,0,0,1,0,0,0,1,0
1788.0,2024,1,0,0,0,0,1,0,1,0,1,0,0
1788.0,2025,1,0,0,0,0,0,0,0,0,0,0,1
1819.0,2020,0,0,0,0,0,0,0,0,0,0,0,0
1819.0,2021,0,0,0,0,0,0,0,0,0,0,0,0
1819.0,2022,0,1,1,0,0,0,0,0,0,0,1,0
1819.0,2023,0,0,0,0,0,0,0,0,0,0,0,0
1819.0,2024,0,0,0,0,0,0,0,1,1,0,0,0
1819.0,2025,0,1,0,0,0,0,0,0,0,0,0,1
1852.0,2020,0,1,0,0,0,1,0,0,1,0,1,0
1852.0,2021,0,1,1,0,0,0,0,1,1,1,1,0
1852.0,2022,0,0,0,0,0,1,0,0,0,1,0,0
1852.0,2023,1,0,1,0,0,0,1,0,0,0,0,0
1852.0,2024,0,0,0,0,0,0,0,0,0,0,0,0
1852.0,2025,0,0,0,0,0,0,0,0,0,0,0,0
1855.0,2020,0,0,0,0,0,0,0,0,0,0,0,0
1855.0,2021,0,0,0,0,0,0,0,0,0,0,0,0
1855.0,2022,0,1,1,0,1,1,0,0,1,1,0,0
1855.0,2023,1,1,0,0,0,0,1,0,1,1,1,0
1855.0,2024,0,0,0,0,0,0,0,0,0,0,0,0
1855.0,2025,0,0,0,0,0,0,0,0,0,0,0,0
1870.0,2020,0,0,0,0,0,0,0,0,0,0,0,0
1870.0,2021,0,0,0,0,0,0,0,0,0,0,0,0
1870.0,2022,0,0,0,0,1,0,1,0,1,0,0,0
1870.0,2023,1,1,0,1,0,0,1,0,1,0,1,0
1870.0,2024,1,0,0,0,1,0,1,0,1,0,0,0
1870.0,2025,0,1,0,0,0,0,0,0,0,0,1,0
1883.0,2020,0,0,0,0,0,0,0,0,0,0,0,0
1883.0,2021,0,0,0,0,0,0,0,0,0,0,0,0
1883.0,2022,0,0,0,0,0,0,0,0,0,0,0,0
1883.0,2023,0,0,0,0,0,0,0,0,0,0,0,0
1883.0,2024,0,0,0,0,0,0,0,0,0,0,0,0
1883.0,2025,0,0,0,0,0,0,0,0,0,0,0,0
1885.0,2020,0,0,0,0,0,0,0,0,0,0,0,0
1885.0,2021,0,0,0,0,0,0,0,0,0,0,0,0
1885.0,2022,0,0,1,0,0,1,0,0,0,0,0,0
1885.0,2023,0,0,0,0,1,1,0,0,1,0,1,0
1885.0,2024,0,0,0,0,1,1,1,1,0,0,1,0
1885.0,2025,0,0,1,0,0,0,0,0,1,1,0,0
1887.0,2020,0,0,0,0,0,0,0,0,0,0,0,0
1887.0,2021,0,0,0,0,0,0,0,0,0,0,0,0
1887.0,2022,1,0,0,0,1,1,0,1,1,1,0,1
1887.0,2023,0,0,0,1,0,0,1,0,0,1,0,0
1887.0,2024,0,0,0,1,1,0,0,0,1,0,1,0
1887.0,2025,0,0,1,0,1,0,0,0,0,1,0,0
1914.0,2020,0,0,0,0,0,0,0,0,0,0,0,0
1914.0,2021,0,0,0,0,0,0,0,0,0,0,0,0
1914.0,2022,0,0,0,0,0,0,0,0,0,0,0,0
1914.0,2023,0,0,0,0,0,0,0,0,0,0,0,0
1914.0,2024,0,0,0,0,0,0,0,0,0,0,0,0
1914.0,2025,0,0,0,0,0,0,0,0,0,0,0,0
1917.0,2020,0,0,0,0,0,0,0,1,0,0,0,0
1917.0,2021,1,1,0,1,0,0,0,0,1,0,1,1
1917.0,2022,0,0,0,1,0,0,1,0,1,1,0,0
1917.0,2023,0,0,0,0,0,0,0,0,0,0,1,0
1917.0,2024,0,0,0,0,0,0,0,1,1,0,0,0
1917.0,2025,1,0,0,1,0,0,1,1,0,0,0,1
1930.0,2020,0,0,0,0,0,0,0,0,0,0,0,0
1930.0,2021,0,0,0,0,0,0,0,0,0,0,0,0
1930.0,2022,0,0,0,0,0,0,0,0,0,0,0,0
1930.0,2023,1,0,0,0,0,0,0,0,1,0,0,0
1930.0,2024,0,0,0,0,0,1,1,0,1,0,1,0
1930.0,2025,1,0,0,0,0,0,0,0,0,0,1,0
1951.0,2020,1,0,1,1,0,1,0,1,0,0,0,1
1951.0,2021,0,1,1,1,1,1,1,1,1,0,0,1
1951.0,2022,0,0,0,0,0,0,0,0,0,0,0,0
1951.0,2023,0,0,0,0,0,0,0,0,0,0,0,0
1951.0,2024,0,0,0,0,0,0,0,0,0,0,0,0
1951.0,2025,0,0,0,0,0,0,0,0,0,0,0,0
1953.0,2020,0,0,0,0,0,0,0,0,0,0,0,0
1953.0,2021,0,0,0,0,0,0,0,0,0,0,0,0
1953.0,2022,0,0,0,0,0,0,0,0,0,0,0,0
1953.0,2023,1,1,0,1,1,1,0,1,1,1,1,1
1953.0,2024,0,0,0,0,0,0,0,0,0,0,0,0
1953.0,2025,0,0,0,0,0,0,0,0,0,0,0,0
1964.0,2020,0,0,0,0,0,0,0,0,0,0,0,0
1964.0,2021,0,0,0,0,0,0,0,0,0,0,0,0
1964.0,2022,0,0,1,0,0,1,1,0,0,0,0,1
1964.0,2023,0,0,0,0,1,1,1,0,0,1,1,0
1964.0,2024,0,0,0,0,0,0,0,0,0,0,0,0
1964.0,2025,0,0,0,0,0,0,0,0,0,0,0,0
1966.0,2020,0,0,0,0,0,0,1,0,0,1,0,0
1966.0,2021,0,0,0,1,0,0,0,1,0,0,1,0
1966.0,2022,0,0,0,0,0,0,0,0,0,0,0,0
1966.0,2023,0,0,1,0,0,0,0,0,0,0,0,0
1966.0,2024,0,1,1,0,0,0,1,0,0,0,1,0
1966.0,2025,0,0,0,0,1,0,0,0,0,0,0,0
1971.0,2020,0,0,0,0,0,0,0,0,0,0,0,0
1971.0,2021,0,0,0,0,1,0,0,0,0,0,0,0
1971.0,2022,0,0,0,0,0,0,0,0,0,0,0,0
1971.0,2023,0,0,0,0,0,1,0,0,0,0,0,0
1971.0,2024,0,0,0,0,0,0,0,0,0,0,0,0
1971.0,2025,0,0,0,0,0,0,0,0,0,0,0,0
2008.0,2020,0,1,0,1,1,0,0,1,1,1,0,1
2008.0,2021,0,0,0,0,0,0,0,0,0,0,0,0
2008.0,2022,0,0,0,0,0,0,0,0,0,0,0,0
2008.0,2023,0,0,0,0,0,0,0,0,0,0,0,0
2008.0,2024,0,0,0,0,0,0,0,0,0,0,0,0
2008.0,2025,0,0,0,0,0,0,0,0,0,0,0,0
2019.0,2020,0,0,0,0,0,0,0,0,0,0,0,0
2019.0,2021,0,0,0,0,0,0,0,0,0,0,0,0
2019.0,2022,0,1,0,0,0,0,0,0,0,0,0,0
2019.0,2023,0,0,0,0,0,0,1,1,0,0,0,0
2019.0,2024,1,0,0,0,0,1,1,0,0,0,0,0
2019.0,2025,0,0,0,0,0,0,0,0,0,0,0,0
2038.0,2020,0,0,0,0,0,0,1,1,0,0,0,1
2038.0,2021,0,0,0,0,0,0,0,0,0,0,1,1
2038.0,2022,0,0,0,0,1,0,0,0,1,0,1,0
2038.0,2023,0,0,0,0,0,1,0,0,0,0,0,0
2038.0,2024,0,0,0,1,0,0,1,0,1,0,0,0
2038.0,2025,0,0,0,0,0,0,0,0,1,0,1,1
2040.0,2020,0,0,0,0,0,0,0,0,0,0,0,0
2040.0,2021,1,0,0,1,0,0,1,0,0,0,1,0
2040.0,2022,0,1,1,0,1,0,0,0,1,0,0,0
2040.0,2023,0,0,1,0,0,0,1,0,1,0,1,1
2040.0,2024,0,0,0,0,0,0,0,0,0,0,0,0
2040.0,2025,0,0,0,0,0,0,0,0,0,0,0,0
2053.0,2020,0,0,0,0,0,0,0,0,0,0,0,0
2053.0,2021,1,0,0,1,0,0,1,0,0,1,0,1
2053.0,2022,1,0,0,0,1,0,0,1,0,0,0,0
2053.0,2023,0,1,0,1,0,0,1,1,0,1,0,0
2053.0,2024,0,1,0,0,1,0,0,0,1,0,0,0
2053.0,2025,1,0,0,0,0,0,0,0,1,0,1,1
2060.0,2020,0,0,0,0,0,0,0,0,0,0,0,0
2060.0,2021,0,0,0,0,0,0,0,0,0,0,0,0
2060.0,2022,0,0,0,0,0,0,0,0,0,0,0,0
2060.0,2023,0,0,0,1,0,0,0,0,0,0,0,1
2060.0,2024,0,0,0,0,0,1,1,0,1,0,0,0
2060.0,2025,0,1,0,0,0,0,0,1,0,0,0,0
2069.0,2020,0,0,0,0,0,0,0,0,0,0,0,0
2069.0,2021,0,0,0,0,0,0,0,0,0,0,0,0
2069.0,2022,0,0,1,0,0,1,1,1,0,0,1,1
2069.0,2023,1,1,1,0,0,0,1,0,1,1,1,1
2069.0,2024,1,0,0,1,0,0,0,1,0,0,1,0
2069.0,2025,0,0,0,0,1,1,1,0,0,0,1,1
2079.0,2020,0,0,0,0,0,0,0,0,0,0,0,0
2079.0,2021,0,0,0,0,0,0,0,0,0,0,0,0
2079.0,2022,0,1,1,1,1,1,1,0,0,0,1,1
2079.0,2023,0,0,1,0,0,1,0,0,1,0,0,0
2079.0,2024,0,1,0,1,1,0,1,1,0,1,0,1
2079.0,2025,0,0,0,0,0,1,1,0,0,0,0,1
2107.0,2020,0,0,0,0,0,0,0,0,0,0,0,0
2107.0,2021,0,0,0,0,0,0,0,0,0,0,0,0
2107.0,2022,0,0,0,0,0,0,0,0,0,0,0,0
2107.0,2023,1,1,1,1,1,1,1,0,1,1,1,1
2107.0,2024,0,0,0,0,0,0,0,0,0,0,0,0
2107.0,2025,0,0,0,0,0,0,0,0,0,0,0,0
2122.0,2020,0,0,0,0,0,0,0,0,0,0,0,0
2122.0,2021,0,1,0,0,0,0,1,1,1,1,0,1
2122.0,2022,1,1,1,1,0,0,1,1,1,1,1,1
2122.0,2023,0,0,0,0,0,0,0,0,0,0,0,0
2122.0,2024,0,0,0,0,0,0,0,0,0,0,0,0
2122.0,2025,0,0,0,0,0,0,0,0,0,0,0,0
2131.0,2020,0,0,0,0,0,1,0,0,0,0,1,0
2131.0,2021,0,0,0,0,0,0,0,0,0,0,0,0
2131.0,2022,1,0,0,0,0,0,1,1,0,1,1,0
2131.0,2023,0,0,0,0,0,0,0,0,0,0,0,0
2131.0,2024,0,0,0,0,0,0,0,0,0,0,0,0
2131.0,2025,0,0,0,0,0,0,0,0,0,0,0,0
2142.0,2020,1,1,1,1,1,0,1,1,1,1,1,1
2142.0,2021,0,0,0,0,0,0,0,0,0,0,0,0
2142.0,2022,0,0,0,0,0,0,0,0,0,0,0,0
2142.0,2023,0,0,0,0,0,0,0,0,0,0,0,0
2142.0,2024,0,0,0,0,0,0,0,0,0,0,0,0
2142.0,2025,0,0,0,0,0,0,0,0,0,0,0,0
2152.0,2020,0,0,0,0,0,0,0,0,0,0,0,0
2152.0,2021,0,0,0,0,0,0,0,0,1,0,0,0
2152.0,2022,0,0,0,0,1,0,0,1,0,0,0,0
2152.0,2023,0,0,0,0,0,0,0,0,0,0,0,0
2152.0,2024,0,0,0,0,0,0,0,0,1,0,0,0
2152.0,2025,0,0,1,0,0,0,0,0,0,0,0,0
2161.0,2020,0,0,0,0,0,0,0,0,0,0,0,0
2161.0,2021,0,0,1,0,0,0,1,0,0,0,0,0
2161.0,2022,0,0,1,1,0,0,1,1,0,1,0,0
2161.0,2023,1,0,0,0,1,0,0,1,1,1,1,1
2161.0,2024,0,0,0,0,0,0,1,0,0,0,0,0
2161.0,2025,1,0,0,0,0,0,0,0,0,0,1,0
2171.0,2020,0,0,0,0,0,0,0,0,0,0,0,0
2171.0,2021,0,1,0,1,1,0,0,1,0,0,0,1
2171.0,2022,1,0,0,0,1,1,0,0,0,0,0,0
2171.0,2023,0,0,0,0,0,0,0,0,0,0,0,0
2171.0,2024,0,0,0,0,0,0,0,0,0,0,0,0
2171.0,2025,0,0,0,0,0,0,0,0,0,0,0,0
2187.0,2020,0,0,0,0,0,0,0,1,0,1,0,1
2187.0,2021,0,0,0,0,0,0,0,0,0,1,1,0
2187.0,2022,0,0,0,0,0,0,0,0,0,0,1,0
2187.0,2023,0,0,0,0,0,0,0,0,0,0,0,1
2187.0,2024,0,0,0,0,0,0,0,0,0,0,1,0
2187.0,2025,0,0,0,0,1,0,0,1,0,1,0,0
2197.0,2020,1,1,0,1,0,0,0,0,0,1,1,0
2197.0,2021,1,0,0,1,1,0,0,0,1,0,0,0
2197.0,2022,0,0,0,0,0,0,0,0,0,0,0,0
2197.0,2023,0,0,0,0,0,0,0,0,0,0,0,0
2197.0,2024,0,0,0,0,0,0,0,0,0,0,0,0
2197.0,2025,0,0,0,0,0,0,0,0,0,0,0,0
2202.0,2020,0,1,0,0,0,0,0,1,0,0,0,0
2202.0,2021,0,1,1,1,1,0,1,1,0,0,1,0
2202.0,2022,1,0,0,1,0,0,0,0,0,0,0,0
2202.0,2023,0,0,0,0,0,0,0,0,0,0,0,1
2202.0,2024,0,0,0,0,0,0,0,0,0,0,0,0
2202.0,2025,0,0,0,0,0,0,0,0,0,0,0,0
2219.0,2020,0,0,0,0,0,0,0,0,0,0,0,0
2219.0,2021,0,0,0,0,0,0,0,0,0,0,0,0
2219.0,2022,1,0,1,1,0,0,1,1,0,0,1,1
2219.0,2023,1,1,0,1,1,1,1,0,0,0,1,0
2219.0,2024,0,0,0,0,0,0,0,0,0,0,0,0
2219.0,2025,0,0,0,0,0,0,0,0,0,0,0,0
2220.0,2020,0,0,0,0,0,0,0,0,0,0,0,0
2220.0,2021,0,0,0,0,0,0,0,0,0,0,0,0
2220.0,2022,1,0,1,0,0,0,0,0,0,1,1,0
2220.0,2023,0,0,0,0,0,0,0,1,0,0,0,0
2220.0,2024,0,0,0,0,0,0,0,0,0,1,0,0
2220.0,2025,0,0,0,0,0,0,0,0,0,0,0,0
2239.0,2020,0,0,0,0,0,0,0,0,0,0,0,0
2239.0,2021,0,0,0,0,0,0,0,0,0,0,0,0
2239.0,2022,0,0,0,0,0,0,0,0,0,0,0,0
2239.0,2023,0,1,1,1,0,1,1,1,1,1,1,1
2239.0,2024,0,0,0,0,0,0,0,0,0,0,0,0
2239.0,2025,0,0,0,0,0,0,0,0,0,0,0,0
2246.0,2020,1,1,0,0,0,1,1,1,1,1,0,0
2246.0,2021,1,0,1,1,1,0,0,1,0,0,0,0
2246.0,2022,1,0,0,0,0,1,0,1,0,1,0,0
2246.0,2023,0,0,0,0,0,0,0,0,0,0,0,0
2246.0,2024,0,0,0,0,0,0,0,0,0,0,0,0
2246.0,2025,0,0,0,0,0,0,0,0,0,0,0,0
2251.0,2020,0,0,0,0,0,0,0,0,0,0,0,0
2251.0,2021,0,0,0,0,0,0,0,0,0,0,0,0
2251.0,2022,0,0,0,0,0,0,0,0,1,0,1,0
2251.0,2023,0,1,0,0,0,1,1,0,0,0,0,1
2251.0,2024,0,0,1,1,1,0,1,0,0,1,1,0
2251.0,2025,1,1,0,1,0,1,0,0,0,0,0,1
2263.0,2020,0,0,0,0,0,0,0,0,0,0,0,0
2263.0,2021,0,0,0,0,0,0,0,0,0,0,0,0
2263.0,2022,1,0,0,0,0,0,0,1,0,0,0,1
2263.0,2023,0,0,0,0,1,0,0,0,1,0,0,0
2263.0,2024,0,0,0,0,0,0,0,0,1,0,0,0
2263.0,2025,1,0,0,0,0,1,0,1,0,0,0,1
2293.0,2020,0,0,1,0,0,1,0,0,0,1,1,1
2293.0,2021,0,1,1,0,1,0,0,0,0,0,1,0
2293.0,2022,0,0,0,0,0,0,0,0,0,0,0,0
2293.0,2023,0,0,0,0,0,0,0,0,0,0,0,0
2293.0,2024,0,0,0,0,0,0,0,0,0,0,0,0
2293.0,2025,0,0,0,0,0,0,0,0,0,0,0,0
2294.0,2020,0,1,0,1,0,0,0,0,0,0,0,0
2294.0,2021,0,1,0,0,0,0,0,0,0,0,0,0
2294.0,2022,0,0,0,0,0,0,0,1,0,0,0,0
2294.0,2023,0,1,0,1,0,0,0,0,0,1,0,1
2294.0,2024,1,0,0,1,0,0,0,0,0,0,1,1
2294.0,2025,0,0,0,0,1,0,0,0,0,0,0,0
2295.0,2020,0,0,0,0,0,0,0,0,0,0,0,0
2295.0,2021,0,0,0,0,0,0,0,0,0,0,0,0
2295.0,2022,0,1,0,1,1,1,1,0,1,1,1,0
2295.0,2023,0,1,0,0,1,1,1,0,0,1,0,1
2295.0,2024,0,0,0,0,0,0,0,0,0,0,0,0
2295.0,2025,0,0,0,0,0,0,0,0,0,0,0,0
2318.0,2020,0,0,0,0,0,0,0,0,0,0,0,0
2318.0,2021,0,0,0,0,0,0,0,0,0,0,0,0
2318.0,2022,0,1,1,1,1,0,0,1,1,1,0,0
2318.0,2023,0,0,1,0,0,1,0,1,0,1,0,1
2318.0,2024,0,0,1,0,0,1,1,0,0,0,0,0
2318.0,2025,1,0,0,0,0,0,0,1,0,0,0,0
2325.0,2020,0,1,0,0,0,0,0,0,0,0,0,0
2325.0,2021,0,0,0,0,0,0,0,0,0,1,0,0
2325.0,2022,0,0,0,0,0,0,0,0,1,0,0,0
2325.0,2023,0,0,0,0,0,0,0,0,0,0,0,0
2325.0,2024,0,0,0,0,0,0,0,0,0,0,0,1
2325.0,2025,0,0,0,1,0,0,1,0,0,0,0,0
2339.0,2020,0,0,0,0,0,0,0,0,0,0,0,0
2339.0,2021,0,0,0,0,0,0,0,0,0,0,0,0
2339.0,2022,0,0,1,1,1,1,0,1,1,1,1,1
2339.0,2023,0,0,0,0,0,0,0,0,0,0,0,0
2339.0,2024,0,0,0,0,0,0,0,0,0,0,0,0
2339.0,2025,0,0,0,0,0,0,0,0,0,0,0,0
2357.0,2020,0,0,0,0,0,0,0,0,0,0,0,0
2357.0,2021,0,0,0,0,0,0,0,0,0,0,0,0
2357.0,2022,1,0,1,0,1,1,1,0,1,1,1,0
2357.0,2023,1,0,0,1,0,0,0,0,1,0,0,0
2357.0,2024,0,0,0,0,0,0,0,0,0,0,0,0
2357.0,2025,0,0,0,0,0,0,0,0,0,0,0,0
2362.0,2020,0,0,0,0,0,0,0,0,0,0,0,1
2362.0,2021,1,0,0,0,0,1,0,0,0,0,0,0
2362.0,2022,1,0,0,0,0,0,1,0,1,0,0,0
2362.0,2023,0,0,0,0,0,0,0,0,0,0,0,0
2362.0,2024,0,0,0,0,0,0,0,0,0,0,0,0
2362.0,2025,0,0,0,0,0,0,0,0,0,0,0,0
2371.0,2020,0,0,0,0,0,0,0,0,0,0,0,0
2371.0,2021,0,0,0,0,0,0,0,0,0,0,0,0
2371.0,2022,0,0,0,0,0,0,0,0,0,0,0,0
2371.0,2023,0,0,0,0,0,0,0,0,0,0,1,1
2371.0,2024,0,0,0,0,0,0,1,0,0,0,0,1
2371.0,2025,0,0,0,0,0,0,0,0,1,0,0,0
2395.0,2020,0,1,0,0,0,0,0,0,0,1,0,0
2395.0,2021,0,0,0,1,0,0,0,0,1,0,0,0
2395.0,2022,0,1,0,0,0,1,1,1,0,0,1,0
2395.0,2023,0,1,0,0,0,0,0,0,0,1,1,1
2395.0,2024,0,0,0,0,0,0,0,1,0,0,0,0
2395.0,2025,0,0,0,0,0,0,0,0,0,0,0,1
2404.0,2020,0,0,0,0,1,1,1,0,0,0,1,1
2404.0,2021,0,0,0,0,0,0,0,0,0,0,0,0
2404.0,2022,0,0,0,0,0,0,0,0,0,0,0,0
2404.0,2023,0,0,0,0,0,0,0,0,0,0,0,0
2404.0,2024,0,0,0,0,0,0,0,0,0,0,0,0
2404.0,2025,0,0,0,0,0,0,0,0,0,0,0,0
2413.0,2020,0,0,0,0,0,0,0,0,0,0,0,0
2413.0,2021,0,0,0,0,0,0,0,0,0,0,0,0
2413.0,2022,1,1,1,0,1,1,1,0,0,0,1,1
2413.0,2023,0,0,0,0,0,0,0,0,0,0,0,0
2413.0,2024,0,0,0,0,0,0,0,0,0,0,0,0
2413.0,2025,0,0,0,0,0,0,0,0,0,0,0,0
2429.0,2020,0,0,1,0,1,0,0,0,0,1,0,1
2429.0,2021,0,0,0,0,0,0,0,0,0,0,0,0
2429.0,2022,0,0,0,0,0,0,0,0,0,0,0,0
2429.0,2023,0,0,0,0,0,0,0,0,0,0,0,0
2429.0,2024,0,0,0,0,0,0,0,0,0,0,0,0
2429.0,2025,0,0,0,0,0,0,0,0,0,0,0,0
2431.0,2020,0,0,0,0,0,0,0,0,0,0,0,0
2431.0,2021,0,0,0,0,0,0,0,0,0,0,0,0
2431.0,2022,0,0,1,1,0,1,0,1,0,0,1,1
2431.0,2023,0,1,1,1,1,1,1,1,0,1,0,0
2431.0,2024,0,0,0,0,0,0,0,0,0,0,0,0
2431.0,2025,0,0,0,0,0,0,0,0,0,0,0,0
2438.0,2020,0,0,0,0,0,0,0,0,0,0,0,0
2438.0,2021,0,0,0,0,0,0,0,0,0,0,0,0
2438.0,2022,0,1,0,0,1,1,1,0,1,0,0,1
2438.0,2023,0,0,1,0,0,0,0,0,1,1,0,0
2438.0,2024,0,1,1,1,1,0,0,0,0,1,0,0
2438.0,2025,0,0,0,0,0,0,0,0,0,0,0,1
2444.0,2020,0,0,0,0,0,0,0,0,0,0,0,0
2444.0,2021,0,0,0,0,0,0,0,0,0,0,0,0
2444.0,2022,0,0,0,0,0,0,0,0,0,0,0,0
2444.0,2023,1,1,0,0,1,0,0,1,0,0,0,0
2444.0,2024,1,0,0,0,0,0,1,0,0,1,1,1
2444.0,2025,0,1,1,0,1,0,1,1,1,0,0,0
2455.0,2020,0,0,0,0,0,0,0,0,0,0,1,0
2455.0,2021,0,0,0,0,0,0,0,1,0,0,0,0
2455.0,2022,0,0,0,0,0,0,0,0,0,1,0,0
2455.0,2023,0,1,0,0,0,0,0,1,0,1,0,0
2455.0,2024,0,1,1,0,0,0,0,0,1,0,1,0
2455.0,2025,1,1,0,1,0,0,0,0,0,1,1,1
2473.0,2020,0,0,0,0,0,0,0,0,0,0,0,0
2473.0,2021,0,1,0,1,1,0,1,1,0,1,1,0
2473.0,2022,0,0,1,1,1,0,1,0,1,0,1,1
2473.0,2023,0,0,0,0,0,0,0,0,0,0,0,0
2473.0,2024,0,0,0,0,0,0,0,0,0,0,0,0
2473.0,2025,0,0,0,0,0,0,0,0,0,0,0,0
2496.0,2020,0,0,1,0,1,0,1,1,0,1,0,1
2496.0,2021,0,0,0,0,0,1,0,0,0,0,0,1
2496.0,2022,1,0,0,0,1,0,1,1,0,0,0,1
2496.0,2023,1,0,0,0,0,0,1,1,0,0,0,0
2496.0,2024,0,0,0,0,0,0,0,0,0,0,0,0
2496.0,2025,0,0,0,0,0,0,0,0,0,0,0,0
2513.0,2020,0,0,0,0,0,0,0,0,0,0,0,0
2513.0,2021,0,0,1,0,1,1,1,1,0,1,1,0
2513.0,2022,0,1,0,1,1,1,0,1,0,0,1,0
2513.0,2023,0,0,0,0,0,0,0,0,0,0,0,0
2513.0,2024,0,0,0,0,0,0,0,0,0,0,0,0
2513.0,2025,0,0,0,0,0,0,0,0,0,0,0,0
2519.0,2020,0,0,0,0,0,0,0,0,0,0,0,0
2519.0,2021,0,0,0,0,0,1,0,0,0,0,0,0
2519.0,2022,0,0,0,0,1,0,0,0,0,0,0,1
2519.0,2023,1,0,0,0,0,0,0,0,0,0,1,0
2519.0,2024,0,0,0,0,0,0,1,0,0,0,0,0
2519.0,2025,1,0,0,0,0,0,0,1,0,0,0,0
2525.0,2020,0,0,0,0,0,0,0,0,0,0,0,0
2525.0,2021,0,0,0,1,0,0,0,1,0,0,1,1
2525.0,2022,0,0,1,1,1,0,1,0,0,1,1,1
2525.0,2023,0,1,0,0,1,1,1,0,0,0,1,0
2525.0,2024,0,0,0,0,0,0,0,0,0,0,0,0
2525.0,2025,0,0,0,0,0,0,0,0,0,0,0,0
2533.0,2020,0,0,0,0,0,0,0,0,0,0,0,0
2533.0,2021,0,0,1,0,0,0,0,1,0,0,0,0
2533.0,2022,0,1,1,0,0,0,0,0,1,0,0,0
2533.0,2023,0,1,1,0,1,0,1,1,1,0,0,0
2533.0,2024,0,0,1,1,0,1,0,0,0,0,0,0
2533.0,2025,1,1,1,0,0,0,0,0,1,0,1,0
2569.0,2020,0,0,0,0,0,0,0,0,0,0,0,0
2569.0,2021,0,1,1,1,1,1,0,1,1,1,1,1
2569.0,2022,0,0,0,0,0,0,0,0,0,0,0,0
2569.0,2023,0,0,0,0,0,0,0,0,0,0,0,0
2569.0,2024,0,0,0,0,0,0,0,0,0,0,0,0
2569.0,2025,0,0,0,0,0,0,0,0,0,0,0,0
2582.0,2020,0,0,0,0,0,1,0,1,0,0,1,0
2582.0,2021,0,0,1,0,0,0,0,0,0,0,0,1
2582.0,2022,0,0,0,0,0,0,0,0,0,0,0,0
2582.0,2023,0,0,0,0,0,0,0,1,0,0,1,0
2582.0,2024,0,0,0,1,0,0,0,0,0,1,1,0
2582.0,2025,0,1,1,0,0,0,0,0,0,0,0,1
2586.0,2020,0,0,0,0,0,0,0,0,1,0,0,0
2586.0,2021,0,1,0,0,0,0,1,0,0,0,0,0
2586.0,2022,0,0,0,0,1,0,0,0,0,0,0,0
2586.0,2023,1,0,0,0,0,0,0,0,0,0,1,0
2586.0,2024,0,0,0,0,0,0,0,0,0,0,0,0
2586.0,2025,0,1,0,0,0,0,0,1,1,0,0,0
2589.0,2020,1,0,0,0,0,0,1,0,0,0,0,0
2589.0,2021,1,0,1,0,1,0,0,1,0,0,0,0
2589.0,2022,1,0,0,1,0,0,0,0,0,0,0,1
2589.0,2023,0,0,0,0,0,0,0,0,0,1,0,0
2589.0,2024,0,0,1,0,0,0,1,0,0,0,0,0
2589.0,2025,0,0,1,0,0,0,0,0,0,0,0,1
2590.0,2020,0,0,0,0,0,0,0,0,0,0,0,0
2590.0,2021,0,0,0,0,0,0,0,0,0,0,0,0
2590.0,2022,0,0,0,0,0,0,0,0,0,0,0,0
2590.0,2023,1,1,1,1,1,1,0,1,1,1,1,1
2590.0,2024,0,0,0,0,0,0,0,0,0,0,0,0
2590.0,2025,0,0,0,0,0,0,0,0,0,0,0,0
2593.0,2020,1,1,1,1,0,0,0,0,0,1,1,1
2593.0,2021,0,0,1,0,0,0,1,0,1,1,1,0
2593.0,2022,0,0,0,0,0,0,0,0,0,0,0,0
2593.0,2023,0,0,0,0,0,0,0,0,0,0,0,0
2593.0,2024,0,0,0,0,0,0,0,0,0,0,0,0
2593.0,2025,0,0,0,0,0,0,0,0,0,0,0,0
2598.0,2020,0,0,0,0,1,1,0,0,0,0,0,0
2598.0,2021,0,0,0,0,0,0,0,0,0,1,0,0
2598.0,2022,0,0,0,0,0,0,0,0,0,0,0,0
2598.0,2023,0,0,0,0,0,1,0,0,0,0,0,0
2598.0,2024,0,0,0,0,1,0,0,0,0,0,1,1
2598.0,2025,0,0,0,1,0,0,0,0,0,0,0,1
2607.0,2020,0,0,0,0,0,0,0,0,0,0,0,0
2607.0,2021,0,0,0,0,0,0,0,0,0,0,0,0
2607.0,2022,0,0,0,0,0,1,0,0,0,0,0,0
2607.0,2023,0,0,0,0,0,0,0,1,0,0,0,0
2607.0,2024,0,0,0,0,1,1,1,0,0,0,0,0
2607.0,2025,0,0,0,1,0,0,0,0,0,1,0,0
2608.0,2020,0,0,0,0,0,0,1,0,0,0,0,0
2608.0,2021,0,0,1,0,0,0,1,0,0,0,0,1
2608.0,2022,0,0,1,1,0,0,0,0,0,0,0,0
2608.0,2023,0,0,0,0,0,1,0,0,0,0,0,0
2608.0,2024,0,0,0,0,1,0,0,0,0,0,0,0
2608.0,2025,0,0,0,0,0,0,0,1,0,0,1,0
2611.0,2020,0,0,1,0,1,0,0,0,1,0,0,1
2611.0,2021,0,1,1,0,0,1,0,1,0,1,0,1
2611.0,2022,0,1,0,1,0,1,0,0,0,0,0,0
2611.0,2023,0,0,0,0,0,0,0,0,0,0,0,0
2611.0,2024,0,0,0,0,0,0,0,0,0,0,0,0
2611.0,2025,0,0,0,0,0,0,0,0,0,0,0,0
2617.0,2020,0,0,0,0,0,0,1,1,0,0,0,0
2617.0,2021,0,0,0,0,0,0,0,0,0,0,1,0
2617.0,2022,1,0,1,0,0,0,0,0,0,0,1,0
2617.0,2023,0,0,0,0,0,0,0,0,0,0,0,0
2617.0,2024,0,0,0,0,0,0,0,0,0,0,0,0
2617.0,2025,0,0,0,0,0,0,0,0,0,0,0,0
2627.0,2020,0,0,0,0,0,0,0,0,0,0,0,0
2627.0,2021,0,0,0,0,0,0,0,0,0,0,0,0
2627.0,2022,0,0,0,0,0,0,0,0,0,0,0,0
2627.0,2023,1,1,0,1,0,1,1,1,0,1,1,1
2627.0,2024,0,0,0,0,0,0,0,0,0,0,0,0
2627.0,2025,0,0,0,0,0,0,0,0,0,0,0,0
2706.0,2020,0,0,0,0,0,0,0,0,0,0,0,0
2706.0,2021,0,0,0,0,0,0,0,0,0,0,0,0
2706.0,2022,0,0,0,0,0,0,0,0,0,0,0,0
2706.0,2023,0,0,0,0,0,0,0,0,0,0,0,0
2706.0,2024,0,0,0,0,0,0,0,0,0,0,0,0
2706.0,2025,0,0,0,0,0,0,0,0,0,0,0,0
2713.0,2020,0,0,1,1,0,0,0,1,0,1,0,1
2713.0,2021,0,0,1,0,0,0,0,0,0,0,0,0
2713.0,2022,0,1,0,0,0,0,0,0,0,0,0,0
2713.0,2023,1,0,0,0,0,0,0,0,1,0,0,1
2713.0,2024,0,0,0,0,0,1,0,1,1,0,0,0
2713.0,2025,0,1,0,0,1,1,0,1,0,0,1,0
2737.0,2020,0,0,0,0,0,0,0,0,0,0,0,0
2737.0,2021,1,1,1,0,1,1,1,1,1,1,1,1
2737.0,2022,0,0,0,0,0,0,0,0,0,0,0,0
2737.0,2023,0,0,0,0,0,0,0,0,0,0,0,0
2737.0,2024,0,0,0,0,0,0,0,0,0,0,0,0
2737.0,2025,0,0,0,0,0,0,0,0,0,0,0,0
2738.0,2020,0,0,0,0,0,0,0,0,0,0,0,0
2738.0,2021,0,0,0,0,0,0,0,0,0,0,0,0
2738.0,2022,0,0,0,0,0,0,0,0,0,0,0,0
2738.0,2023,0,0,0,0,0,0,0,0,0,0,0,0
2738.0,2024,0,0,0,0,0,0,0,0,0,0,0,0
2738.0,2025,0,0,0,0,0,0,0,0,0,0,0,0
2759.0,2020,1,0,0,0,0,0,0,1,0,1,0,0
2759.0,2021,0,0,0,0,0,0,0,0,0,0,0,1
2759.0,2022,0,0,0,0,0,0,0,0,0,0,1,0
2759.0,2023,0,0,0,1,0,0,0,0,0,1,0,0
2759.0,2024,0,0,0,0,0,1,0,0,0,0,0,0
2759.0,2025,0,0,0,0,1,0,0,0,0,0,0,0
2772.0,2020,0,0,0,0,0,0,0,1,0,0,0,1
2772.0,2021,0,0,0,0,1,0,1,0,0,0,0,0
2772.0,2022,0,0,0,0,0,0,1,0,0,0,0,0
2772.0,2023,0,0,0,0,0,1,0,0,0,1,0,0
2772.0,2024,1,0,0,0,0,1,0,1,0,1,0,0
2772.0,2025,0,0,0,0,0,0,1,1,0,0,0,0
2777.0,2020,1,0,0,0,1,1,1,1,0,0,1,1
2777.0,2021,0,1,0,0,1,1,1,0,0,1,1,1
2777.0,2022,1,0,0,1,1,0,0,1,0,0,0,1
2777.0,2023,0,0,0,0,0,0,0,0,0,0,0,0
2777.0,2024,0,0,0,0,0,0,0,0,0,0,0,0
2777.0,2025,0,0,0,0,0,0,0,0,0,0,0,0
2822.0,2020,0,0,0,0,1,0,0,0,0,0,0,0
2822.0,2021,0,0,0,0,0,0,1,0,0,0,0,0
2822.0,2022,1,0,0,0,0,0,1,0,1,0,1,0
2822.0,2023,0,0,0,1,1,0,0,0,0,0,0,0
2822.0,2024,0,0,0,0,0,0,0,0,0,0,0,0
2822.0,2025,0,1,0,0,0,0,0,0,0,0,0,0
2825.0,2020,0,0,0,0,0,0,0,0,0,0,0,0
2825.0,2021,0,0,0,0,0,0,0,0,0,0,0,0
2825.0,2022,0,0,0,0,0,0,0,0,0,0,0,0
2825.0,2023,0,0,0,0,1,0,1,0,1,1,0,0
2825.0,2024,0,1,1,0,0,0,0,0,0,0,0,0
2825.0,2025,0,0,1,1,0,1,1,1,0,0,0,1
2827.0,2020,0,0,0,0,1,0,1,1,1,1,0,1
2827.0,2021,0,1,0,0,0,0,0,1,1,1,0,0
2827.0,2022,0,1,0,0,1,0,0,0,1,0,1,0
2827.0,2023,0,0,0,0,0,0,0,0,0,0,0,0
2827.0,2024,0,0,0,0,0,0,0,0,0,0,0,0
2827.0,2025,0,0,0,0,0,0,0,0,0,0,0,0
2838.0,2020,0,0,0,0,0,0,0,0,0,0,0,0
2838.0,2021,1,1,1,1,1,1,1,0,1,1,1,1
2838.0,2022,0,0,0,0,0,0,0,0,0,0,0,0
2838.0,2023,0,0,0,0,0,0,0,0,0,0,0,0
2838.0,2024,0,0,0,0,0,0,0,0,0,0,0,0
2838.0,2025,0,0,0,0,0,0,0,0,0,0,0,0
2847.0,2020,0,0,0,0,0,0,0,0,0,0,0,0
2847.0,2021,1,1,1,0,0,1,1,1,1,1,1,0
2847.0,2022,0,0,0,0,0,0,0,0,0,0,0,0
2847.0,2023,0,0,0,0,0,0,0,0,0,0,0,0
2847.0,2024,0,0,0,0,0,0,0,0,0,0,0,0
2847.0,2025,0,0,0,0,0,0,0,0,0,0,0,0
2854.0,2020,0,0,0,0,0,0,0,0,0,0,0,0
2854.0,2021,0,0,0,0,0,0,0,0,0,0,0,0
2854.0,2022,1,1,0,1,1,1,1,0,0,1,0,0
2854.0,2023,1,1,0,0,0,1,1,0,0,0,1,0
2854.0,2024,0,0,0,0,0,0,0,0,0,0,0,0
2854.0,2025,0,0,0,0,0,0,0,0,0,0,0,0
2878.0,2020,0,0,0,0,0,0,0,0,0,0,0,0
2878.0,2021,0,1,1,1,0,1,1,0,1,0,0,1
2878.0,2022,0,0,0,0,0,0,0,0,0,0,0,0
2878.0,2023,0,0,0,0,0,0,0,0,0,0,0,0
2878.0,2024,0,0,0,0,0,0,0,0,0,0,0,0
2878.0,2025,0,0,0,0,0,0,0,0,0,0,0,0
2908.0,2020,0,0,0,0,0,0,0,0,0,0,0,0
2908.0,2021,0,1,0,1,0,1,0,0,0,0,0,0
2908.0,2022,0,1,1,0,0,0,0,1,0,1,0,0
2908.0,2023,0,0,0,0,0,0,0,0,0,0,0,0
2908.0,2024,0,0,0,0,0,0,0,0,0,0,0,0
2908.0,2025,0,1,0,0,1,0,0,0,0,0,1,0
2915.0,2020,0,0,0,0,0,0,0,0,0,0,0,0
2915.0,2021,0,0,0,0,0,0,0,0,0,0,0,0
2915.0,2022,1,0,0,1,1,1,0,0,1,1,1,1
2915.0,2023,0,1,1,1,1,0,1,1,0,1,1,0
2915.0,2024,0,0,0,0,0,0,0,0,0,0,0,0
2915.0,2025,0,0,0,0,0,0,0,0,0,0,0,0
2918.0,2020,0,0,0,0,0,0,0,0,0,1,0,0
2918.0,2021,0,0,0,0,0,1,0,0,1,0,0,0
2918.0,2022,0,0,0,0,0,0,0,0,0,0,0,0
2918.0,2023,0,0,0,0,0,0,0,0,0,0,0,0
2918.0,2024,0,0,0,0,0,0,0,0,0,0,0,0
2918.0,2025,0,0,0,0,0,0,0,0,0,0,0,0
2946.0,2020,0,0,0,0,0,0,0,0,0,0,0,0
2946.0,2021,0,1,0,0,0,0,0,0,0,0,0,0
2946.0,2022,0,1,0,0,0,0,0,0,0,0,1,0
2946.0,2023,0,0,0,0,0,0,0,0,0,0,0,0
2946.0,2024,0,1,0,0,0,0,1,1,0,1,0,0
2946.0,2025,0,0,0,0,0,0,0,0,0,0,0,0
2956.0,2020,0,1,0,0,0,0,0,1,0,0,0,0
2956.0,2021,0,0,0,0,0,0,0,0,0,0,0,0
2956.0,2022,0,1,0,0,0,0,0,0,1,0,0,1
2956.0,2023,0,0,0,0,0,0,0,0,1,0,0,0
2956.0,2024,0,1,1,0,0,0,0,0,0,0,0,0
2956.0,2025,0,0,0,1,0,0,0,0,0,0,0,0
2963.0,2020,0,0,0,0,0,0,0,0,0,0,0,0
2963.0,2021,1,0,0,1,0,0,1,1,0,0,0,1
2963.0,2022,0,1,0,0,0,0,0,0,0,1,0,0
2963.0,2023,0,1,0,0,0,0,1,0,0,0,0,0
2963.0,2024,0,0,0,0,0,0,1,0,1,0,0,0
2963.0,2025,0,0,0,0,0,0,0,0,0,0,0,0
2979.0,2020,0,0,0,0,0,0,0,0,0,0,0,0
2979.0,2021,0,0,0,0,0,0,0,0,0,0,0,0
2979.0,2022,0,0,0,0,0,0,0,0,0,0,0,0
2979.0,2023,0,0,0,0,0,1,0,0,1,0,0,0
2979.0,2024,0,0,0,0,0,1,1,0,0,1,0,0
2979.0,2025,0,0,0,0,0,0,0,0,0,0,0,0
2987.0,2020,0,1,0,0,0,0,0,0,0,1,0,0
2987.0,2021,0,0,0,0,1,0,0,1,0,0,0,0
2987.0,2022,0,0,1,0,0,0,0,0,1,0,0,0
2987.0,2023,0,0,0,0,0,0,1,0,0,0,0,0
2987.0,2024,0,0,0,0,0,0,1,1,0,0,0,0
2987.0,2025,1,0,0,0,0,0,0,0,0,0,0,0
2992.0,2020,0,0,0,0,0,0,0,0,0,0,0,0
2992.0,2021,0,0,0,0,0,0,0,0,0,0,0,0
2992.0,2022,0,0,0,0,0,0,0,0,0,0,0,1
2992.0,2023,0,0,0,0,1,0,1,0,0,0,1,1
2992.0,2024,0,0,0,0,0,0,0,0,0,0,0,0
2992.0,2025,0,0,0,0,0,0,0,0,0,0,0,0
2999.0,2020,0,0,0,0,0,0,0,0,0,0,0,0
2999.0,2021,0,0,0,0,0,0,0,0,0,0,0,0
2999.0,2022,0,0,0,0,0,0,0,0,0,0,0,0
2999.0,2023,0,0,0,0,0,0,0,0,0,0,0,0
2999.0,2024,0,0,0,0,0,0,0,0,0,0,0,0
2999.0,2025,0,0,0,0,0,0,0,0,0,0,0,0
3016.0,2020,0,0,0,0,0,0,0,0,0,0,0,0
3016.0,2021,0,0,0,0,0,0,0,0,0,0,0,0
3016.0,2022,0,0,0,0,0,0,1,0,0,1,0,0
3016.0,2023,0,1,0,0,0,0,0,0,1,0,0,0
3016.0,2024,0,0,1,0,0,0,0,0,1,0,0,0
3016.0,2025,0,0,0,0,1,0,0,1,0,0,1,0
3018.0,2020,1,0,0,1,0,1,1,1,1,0,0,0
3018.0,2021,1,1,0,0,0,1,0,0,0,1,0,1
3018.0,2022,1,0,0,0,1,0,0,0,1,0,0,1
3018.0,2023,0,0,0,1,1,1,0,0,0,0,1,1
3018.0,2024,0,0,0,0,0,0,0,0,0,0,0,0
3018.0,2025,0,0,0,0,0,0,0,0,0,0,0,0
3028.0,2020,0,0,0,1,1,0,0,1,0,0,0,1
3028.0,2021,1,0,1,0,0,0,0,1,0,0,1,0
3028.0,2022,0,0,0,0,0,0,0,0,0,0,0,0
3028.0,2023,0,0,0,0,0,0,0,0,0,0,0,0
3028.0,2024,0,0,0,0,0,0,0,0,0,0,0,0
3028.0,2025,0,0,0,0,0,0,0,0,0,0,0,0
3058.0,2020,1,0,0,0,1,0,0,0,0,0,1,0
3058.0,2021,0,0,0,0,0,0,0,0,0,0,0,0
3058.0,2022,0,0,0,0,0,0,0,0,0,0,0,0
3058.0,2023,0,0,0,0,0,0,0,0,0,0,0,0
3058.0,2024,0,0,0,0,0,0,0,0,0,0,0,0
3058.0,2025,0,0,0,0,0,0,0,0,0,0,0,0
3067.0,2020,0,0,0,0,0,0,1,0,0,0,0,0
3067.0,2021,0,0,0,0,0,0,1,0,0,0,0,0
3067.0,2022,0,0,1,0,0,0,0,0,0,0,1,0
3067.0,2023,0,0,0,0,1,0,0,0,0,0,0,0
3067.0,2024,0,0,0,0,0,1,0,0,0,0,1,0
3067.0,2025,0,0,1,0,0,0,0,0,0,0,0,0
3068.0,2020,0,0,0,0,0,0,0,0,0,0,0,0
3068.0,2021,0,0,0,0,0,0,0,0,0,0,0,0
3068.0,2022,1,1,1,1,1,1,1,1,1,1,0,1
3068.0,2023,0,0,0,0,0,0,0,0,0,0,0,0
3068.0,2024,0,0,0,0,0,0,0,0,0,0,0,0
3068.0,2025,0,0,0,0,0,0,0,0,0,0,0,0
3078.0,2020,0,0,0,0,0,0,0,0,0,0,0,0
3078.0,2021,0,0,0,0,1,1,1,0,0,0,1,0
3078.0,2022,0,0,0,0,0,0,0,0,0,0,0,0
3078.0,2023,0,0,0,1,0,0,0,0,0,1,0,0
3078.0,2024,0,0,0,0,0,0,0,0,0,0,0,0
3078.0,2025,0,0,0,0,0,0,0,0,0,0,0,0
3084.0,2020,0,0,0,0,0,0,0,1,0,1,0,0
3084.0,2021,0,0,1,1,0,1,0,1,0,1,0,1
3084.0,2022,1,0,1,1,0,1,0,1,0,0,0,0
3084.0,2023,0,0,0,0,0,0,0,0,0,0,0,0
3084.0,2024,0,0,0,0,0,0,0,0,0,0,0,0
3084.0,2025,0,0,0,0,0,0,0,0,0,0,0,0
3102.0,2020,0,0,1,0,1,0,0,1,0,0,1,1
3102.0,2021,0,0,0,0,0,0,0,0,1,0,0,1
3102.0,2022,0,1,1,1,0,0,0,0,0,1,1,0
3102.0,2023,0,0,0,0,0,0,0,0,0,0,0,0
3102.0,2024,0,0,0,0,0,0,0,0,0,0,0,0
3102.0,2025,0,0,0,0,0,0,0,0,0,0,0,0
3113.0,2020,0,0,0,0,0,0,0,0,0,0,0,0
3113.0,2021,0,0,0,0,0,0,0,0,0,0,0,0
3113.0,2022,0,0,0,0,0,0,0,0,0,0,0,0
3113.0,2023,0,0,0,0,0,0,0,0,0,0,0,0
3113.0,2024,0,0,0,0,0,0,0,0,0,0,0,0
3113.0,2025,0,0,0,0,0,0,0,0,0,0,0,0
3118.0,2020,1,1,1,1,0,0,1,1,1,0,1,1
3118.0,2021,0,0,0,0,0,0,0,0,0,0,0,0
3118.0,2022,0,0,0,0,0,0,0,0,0,0,0,0
3118.0,2023,0,0,0,0,0,0,0,0,0,0,0,0
3118.0,2024,0,0,0,0,0,0,0,0,0,0,0,0
3118.0,2025,0,0,0,0,0,0,0,0,0,0,0,0
3142.0,2020,0,0,0,0,0,0,0,0,0,0,0,0
3142.0,2021,1,0,0,0,0,0,0,0,0,0,0,0
3142.0,2022,0,0,0,0,0,0,0,0,0,0,1,0
3142.0,2023,0,0,0,0,0,0,0,0,0,0,1,0
3142.0,2024,1,0,0,0,0,1,0,0,1,0,0,0
3142.0,2025,1,0,1,0,1,0,0,0,0,0,1,1
3156.0,2020,0,1,0,1,1,0,0,1,1,1,0,0
3156.0,2021,0,0,0,0,0,0,0,0,0,0,0,0
3156.0,2022,0,0,0,0,0,0,0,0,0,0,0,0
3156.0,2023,0,0,0,0,0,0,0,0,0,0,0,0
3156.0,2024,0,0,0,0,0,0,0,0,0,0,0,0
3156.0,2025,0,0,0,0,0,0,0,0,0,0,0,0
3165.0,2020,0,1,1,1,0,0,0,0,0,0,0,1
3165.0,2021,0,0,0,1,0,1,0,0,0,0,1,0
3165.0,2022,0,0,0,0,0,0,0,0,0,0,0,0
3165.0,2023,0,0,0,0,0,0,0,0,0,0,0,0
3165.0,2024,0,0,0,0,0,0,0,0,0,0,0,0
3165.0,2025,0,0,0,0,0,0,0,0,0,0,0,0
3166.0,2020,0,0,1,0,0,1,1,0,0,1,0,1
3166.0,2021,1,0,0,0,0,1,0,0,0,0,0,0
3166.0,2022,1,0,0,0,0,0,0,0,0,0,0,0
3166.0,2023,0,0,0,0,0,0,0,0,0,0,0,0
3166.0,2024,0,0,0,0,0,0,0,0,0,0,0,0
3166.0,2025,0,0,0,0,0,0,0,0,0,0,0,0
3167.0,2020,0,0,0,1,0,0,1,0,0,0,0,0
3167.0,2021,0,0,0,0,0,0,0,0,0,0,0,0
3167.0,2022,0,1,0,0,0,0,0,0,1,0,0,0
3167.0,2023,0,0,1,0,1,0,0,0,0,0,0,0
3167.0,2024,1,0,0,0,0,0,0,0,0,0,0,0
3167.0,2025,0,0,1,1,0,1,1,0,0,0,0,0
3184.0,2020,0,0,0,0,0,0,0,0,0,0,0,0
3184.0,2021,0,0,0,0,0,0,0,0,0,0,0,0
3184.0,2022,0,0,1,0,0,0,1,0,0,0,0,1
3184.0,2023,1,0,1,1,0,1,1,0,0,0,0,0
3184.0,2024,0,1,0,0,0,1,0,0,0,0,0,0
3184.0,2025,0,1,0,0,0,0,0,0,0,0,0,0
3190.0,2020,0,0,0,0,0,0,0,0,0,0,0,0
3190.0,2021,0,0,0,0,0,1,0,0,0,0,1,0
3190.0,2022,0,1,0,1,0,0,0,0,1,0,0,1
3190.0,2023,0,0,0,0,0,1,0,0,0,0,0,1
3190.0,2024,0,0,0,0,0,0,0,0,0,1,0,0
3190.0,2025,0,0,0,0,1,0,0,0,0,0,0,0
3192.0,2020,0,0,1,1,0,1,0,1,0,1,1,0
3192.0,2021,0,0,0,0,0,0,1,0,0,1,0,0
3192.0,2022,0,1,1,0,0,0,0,0,0,1,0,0
3192.0,2023,0,0,0,0,0,0,0,0,0,0,0,0
3192.0,2024,0,0,0,0,0,0,0,0,0,0,0,0
3192.0,2025,0,0,0,0,0,0,0,0,0,0,0,0
3198.0,2020,0,0,0,0,0,0,0,0,0,0,0,0
3198.0,2021,0,0,0,0,0,0,0,0,0,0,0,0
3198.0,2022,0,0,0,0,0,0,0,0,0,0,0,0
3198.0,2023,0,0,0,0,0,0,0,0,0,0,1,1
3198.0,2024,1,0,0,0,1,0,0,0,0,1,1,0
3198.0,2025,0,0,0,0,0,1,0,0,1,0,1,0
3211.0,2020,0,0,0,0,0,0,0,0,0,0,0,0
3211.0,2021,0,0,0,0,0,0,0,0,0,0,0,0
3211.0,2022,0,0,0,0,0,0,0,0,0,0,0,0
3211.0,2023,0,0,1,0,0,0,0,0,0,0,0,0
3211.0,2024,0,0,0,0,0,1,0,0,0,1,0,0
3211.0,2025,0,0,0,0,0,0,0,1,0,1,0,0
3214.0,2020,1,0,1,0,1,0,0,0,0,0,0,0
3214.0,2021,0,0,0,0,0,1,0,0,0,0,0,1
3214.0,2022,0,0,1,0,0,0,0,1,0,0,0,0
3214.0,2023,0,0,0,0,0,0,0,0,0,0,1,1
3214.0,2024,0,0,0,0,0,1,0,0,0,1,1,0
3214.0,2025,0,0,0,1,1,0,0,0,1,0,0,0
3217.0,2020,0,0,0,0,0,0,0,0,0,0,0,0
3217.0,2021,0,0,0,0,0,0,0,0,0,0,0,0
3217.0,2022,0,0,0,0,0,0,0,0,0,0,0,0
3217.0,2023,0,0,0,0,0,0,0,0,0,0,0,0
3217.0,2024,0,0,0,0,0,0,0,0,0,0,0,0
3217.0,2025,0,0,0,0,0,0,0,0,0,0,0,0
3233.0,2020,1,1,1,1,0,1,1,1,1,1,1,1
3233.0,2021,0,0,0,0,0,0,0,0,0,0,0,0
3233.0,2022,0,0,0,0,0,0,0,0,0,0,0,0
3233.0,2023,0,0,0,0,0,0,0,0,0,0,0,0
3233.0,2024,0,0,0,0,0,0,0,0,0,0,0,0
3233.0,2025,0,0,0,0,0,0,0,0,0,0,0,0
3237.0,2020,0,0,0,0,0,0,0,0,0,0,0,0
3237.0,2021,0,0,0,0,0,0,0,0,0,0,0,0
3237.0,2022,1,1,0,0,0,0,0,1,0,0,0,0
3237.0,2023,1,0,0,1,0,0,0,1,0,0,1,0
3237.0,2024,0,0,1,0,0,0,1,0,0,0,1,1
3237.0,2025,0,1,0,0,0,0,0,0,0,0,1,0
3241.0,2020,0,0,0,0,0,0,0,0,0,0,0,0
3241.0,2021,0,0,0,0,0,0,0,0,0,0,0,0
3241.0,2022,0,1,0,0,0,1,0,0,1,0,1,1
3241.0,2023,0,0,1,0,0,1,0,1,0,0,0,1
3241.0,2024,0,0,0,1,1,1,1,1,1,0,0,1
3241.0,2025,1,0,1,0,0,0,1,0,1,0,0,1
3245.0,2020,0,1,0,0,0,0,0,0,0,0,0,0
3245.0,2021,0,0,0,0,0,0,0,0,0,0,1,0
3245.0,2022,0,0,0,0,0,0,0,0,0,0,0,0
3245.0,2023,0,0,0,0,0,0,0,0,0,0,0,0
3245.0,2024,0,0,0,0,0,0,0,0,0,0,0,0
3245.0,2025,0,0,0,0,0,0,0,0,0,0,0,0
3265.0,2020,0,0,0,1,0,0,0,0,0,0,1,0
3265.0,2021,0,0,0,1,0,1,0,0,0,0,0,0
3265.0,2022,1,0,0,0,1,0,0,1,0,0,0,0
3265.0,2023,0,0,0,0,0,0,1,0,0,1,1,1
3265.0,2024,0,0,0,1,0,0,1,0,0,0,0,0
3265.0,2025,0,0,0,1,0,0,0,0,0,0,1,0
3273.0,2020,0,0,0,0,0,0,0,0,0,0,0,0
3273.0,2021,0,0,0,0,0,0,0,0,0,0,0,0
3273.0,2022,0,0,0,0,0,0,0,0,0,0,0,0
3273.0,2023,0,0,0,0,0,0,0,0,1,0,0,1
3273.0,2024,0,1,0,0,0,0,0,1,1,0,0,0
3273.0,2025,0,0,1,0,0,0,0,0,0,0,0,0
3280.0,2020,0,0,0,0,0,0,0,0,0,0,0,0
3280.0,2021,0,0,0,0,0,0,0,0,0,0,0,0
3280.0,2022,0,0,0,0,0,0,0,0,0,0,0,0
3280.0,2023,1,1,0,1,1,1,1,0,1,1,1,1
3280.0,2024,0,0,0,0,0,0,0,0,0,0,0,0
3280.0,2025,0,0,0,0,0,0,0,0,0,0,0,0
3286.0,2020,0,0,0,0,0,0,0,0,0,0,1,0
3286.0,2021,0,0,0,1,0,0,1,0,1,0,0,0
3286.0,2022,0,0,0,0,1,0,1,0,0,0,0,1
3286.0,2023,0,0,0,0,0,0,0,0,0,0,0,0
3286.0,2024,0,0,0,0,0,0,0,0,0,0,0,0
3286.0,2025,0,0,0,0,0,0,1,0,0,0,0,0
3305.0,2020,0,0,0,0,1,0,0,1,1,1,0,1
3305.0,2021,1,0,0,0,1,0,1,1,0,0,1,0
3305.0,2022,0,0,0,1,0,0,1,1,1,0,0,0
3305.0,2023,0,0,0,0,0,0,0,0,0,0,0,0
3305.0,2024,0,0,0,0,0,0,0,0,0,0,0,0
3305.0,2025,0,0,0,0,0,0,0,0,0,0,0,0
3312.0,2020,0,0,1,0,0,0,0,0,0,0,0,0
3312.0,2021,0,0,1,0,0,0,0,1,0,0,0,0
3312.0,2022,1,0,0,0,1,1,1,0,0,0,0,1
3312.0,2023,1,0,0,0,0,1,1,1,0,1,0,0
3312.0,2024,0,0,0,1,0,0,0,0,0,0,0,0
3312.0,2025,0,0,1,0,0,0,1,0,0,0,0,0
3320.0,2020,0,1,0,1,1,0,0,1,0,0,0,0
3320.0,2021,0,1,0,0,0,0,0,0,0,0,0,0
3320.0,2022,0,0,0,0,0,0,0,1,0,0,0,0
3320.0,2023,0,0,0,0,0,0,0,0,0,0,1,0
3320.0,2024,0,0,0,0,0,1,0,0,1,0,0,0
3320.0,2025,0,0,0,0,0,0,0,0,0,0,0,0
3330.0,2020,0,1,0,0,0,1,0,0,1,0,0,0
3330.0,2021,0,1,0,0,0,0,0,0,0,0,0,0
3330.0,2022,0,0,0,1,0,1,0,0,1,0,1,0
3330.0,2023,0,0,0,1,0,1,0,0,0,0,1,1
3330.0,2024,0,0,0,1,1,0,1,0,0,0,1,0
3330.0,2025,1,0,0,0,1,1,0,0,0,0,0,0
3350.0,2020,0,0,0,0,0,0,0,0,0,0,0,0
3350.0,2021,0,0,0,0,0,0,0,0,0,0,0,0
3350.0,2022,0,0,0,0,1,0,0,0,0,0,0,0
3350.0,2023,0,0,0,0,1,0,0,0,0,0,0,0
3350.0,2024,1,1,0,0,1,0,0,0,0,1,0,0
3350.0,2025,0,0,0,0,1,0,0,0,0,0,1,0
3371.0,2020,0,0,0,0,0,0,0,0,0,0,0,0
3371.0,2021,0,0,0,0,0,0,0,0,0,0,0,0
3371.0,2022,1,1,0,1,0,0,1,1,1,0,1,1
3371.0,2023,1,1,0,1,0,1,0,0,1,1,1,0
3371.0,2024,0,0,0,0,0,0,0,0,0,0,0,0
3371.0,2025,0,0,0,0,0,0,0,0,0,0,0,0
3380.0,2020,0,0,0,0,0,0,0,0,0,0,0,0
3380.0,2021,0,0,0,0,0,0,0,0,0,0,0,0
3380.0,2022,0,0,0,0,0,0,0,0,0,0,0,0
3380.0,2023,1,0,1,0,1,0,1,1,1,0,1,1
3380.0,2024,0,0,0,0,1,1,0,1,1,1,1,1
3380.0,2025,1,0,1,0,0,0,1,0,1,1,1,0
3386.0,2020,0,0,0,1,0,0,0,0,0,1,0,0
3386.0,2021,1,0,0,1,0,0,0,1,0,0,1,1
3386.0,2022,0,0,0,0,0,0,0,0,0,0,0,0
3386.0,2023,0,0,0,0,0,0,0,0,0,0,0,0
3386.0,2024,0,0,0,0,0,0,0,0,0,0,0,0
3386.0,2025,0,0,0,0,0,0,0,0,0,0,0,0
3406.0,2020,0,0,1,1,0,0,0,0,1,1,0,0
3406.0,2021,1,0,0,1,0,0,1,0,0,1,0,0
3406.0,2022,0,0,1,1,0,0,0,1,0,0,1,0
3406.0,2023,0,0,1,0,0,0,1,0,0,0,0,0
3406.0,2024,0,0,0,0,0,0,0,0,0,0,0,0
3406.0,2025,0,0,0,0,0,0,0,0,0,0,0,0
3419.0,2020,0,0,0,0,0,1,0,0,0,0,0,1
3419.0,2021,0,1,0,0,0,0,0,0,0,0,0,0
3419.0,2022,0,0,0,1,1,0,0,0,0,0,1,0
3419.0,2023,0,0,0,0,0,0,0,0,0,0,0,1
3419.0,2024,0,0,1,0,0,0,0,0,0,0,0,0
3419.0,2025,0,0,1,0,0,1,0,0,0,0,0,0
3423.0,2020,0,0,0,0,0,0,0,0,0,0,0,0
3423.0,2021,0,0,0,0,0,0,0,1,0,0,0,0
3423.0,2022,0,0,0,0,0,0,0,0,0,0,0,0
3423.0,2023,0,0,0,1,0,0,0,0,0,0,0,0
3423.0,2024,0,0,1,0,0,1,0,0,1,0,0,0
3423.0,2025,0,1,0,0,0,0,0,0,0,0,0,0
3426.0,2020,0,0,0,0,0,0,0,0,0,0,0,0
3426.0,2021,0,0,0,0,0,0,0,0,0,0,0,0
3426.0,2022,0,0,0,1,1,1,0,0,0,1,1,1
3426.0,2023,1,0,0,1,0,0,1,0,0,1,0,0
3426.0,2024,0,1,1,1,0,0,0,0,0,0,0,1
3426.0,2025,0,0,0,0,1,0,1,0,0,0,1,0
3445.0,2020,0,0,0,0,0,0,0,0,0,0,0,0
3445.0,2021,0,0,0,0,0,0,0,0,1,0,0,1
3445.0,2022,1,0,0,0,0,0,0,0,1,0,1,0
3445.0,2023,0,0,1,0,1,0,0,0,1,0,0,0
3445.0,2024,0,0,0,0,0,1,0,0,0,1,0,0
3445.0,2025,0,0,0,0,0,0,0,0,0,1,0,0
3453.0,2020,0,0,0,0,0,0,0,0,0,0,0,0
3453.0,2021,0,0,0,0,0,0,0,0,0,0,0,0
3453.0,2022,1,0,0,1,0,1,0,0,0,1,0,1
3453.0,2023,1,0,0,0,0,0,1,0,0,0,0,0
3453.0,2024,0,0,0,0,0,0,0,1,0,0,0,0
3453.0,2025,0,0,0,0,0,0,0,0,0,0,0,0
3455.0,2020,0,0,0,0,0,0,0,0,0,0,0,0
3455.0,2021,0,1,1,0,1,1,0,0,1,0,1,0
3455.0,2022,0,0,0,0,0,0,1,0,1,0,0,0
3455.0,2023,0,0,0,0,0,0,0,0,0,0,0,0
3455.0,2024,0,0,0,0,0,0,0,0,0,0,0,0
3455.0,2025,0,0,0,0,0,0,0,0,0,0,0,0
3458.0,2020,0,0,0,0,0,0,0,0,0,0,0,0
3458.0,2021,0,0,0,0,0,0,0,0,0,0,0,0
3458.0,2022,0,1,0,0,0,0,1,0,1,1,0,1
3458.0,2023,0,1,0,1,0,0,0,0,0,1,0,0
3458.0,2024,0,0,0,0,0,0,0,0,0,0,0,0
3458.0,2025,0,0,0,0,0,0,0,0,0,0,0,0
3459.0,2020,0,0,0,0,0,0,0,0,0,0,0,0
3459.0,2021,1,1,0,1,1,0,0,1,1,0,0,0
3459.0,2022,0,1,0,1,0,0,1,0,1,0,0,0
3459.0,2023,0,0,0,0,0,0,0,0,0,0,0,0
3459.0,2024,0,0,0,0,0,0,0,0,0,0,0,0
3459.0,2025,0,0,0,0,0,0,0,0,0,0,0,0
3462.0,2020,0,1,0,0,0,0,0,0,0,0,0,1
3462.0,2021,0,0,0,0,0,0,0,0,0,0,1,0
3462.0,2022,0,0,0,0,0,0,0,0,0,0,0,0
3462.0,2023,0,0,0,0,0,0,0,0,0,0,0,0
3462.0,2024,0,0,0,0,0,0,0,0,0,0,0,0
3462.0,2025,0,0,0,0,0,0,0,0,0,0,0,0
3466.0,2020,0,0,0,0,0,0,0,0,0,0,0,0
3466.0,2021,0,0,0,0,0,0,0,0,0,0,0,0
3466.0,2022,0,1,1,0,0,0,1,1,0,0,1,0
3466.0,2023,0,0,0,0,1,0,0,1,1,0,0,0
3466.0,2024,0,0,0,0,0,0,0,0,0,0,0,0
3466.0,2025,0,0,0,0,0,0,0,0,0,0,0,0
3468.0,2020,0,0,0,0,0,0,1,0,1,0,0,1
3468.0,2021,0,0,0,0,1,0,1,1,1,0,0,1
3468.0,2022,0,0,1,0,0,1,0,1,0,0,0,0
3468.0,2023,0,0,0,0,0,0,0,0,0,0,1,0
3468.0,2024,1,0,0,0,0,0,0,0,0,0,1,0
3468.0,2025,0,1,1,0,0,1,0,0,0,0,0,1
3475.0,2020,0,0,0,0,0,0,0,0,0,0,0,0
3475.0,2021,0,1,0,0,1,1,0,0,0,1,0,1
3475.0,2022,0,0,0,0,0,0,0,0,1,0,0,1
3475.0,2023,1,1,0,0,0,0,1,0,1,0,0,0
3475.0,2024,0,0,0,0,0,0,0,0,0,0,0,0
3475.0,2025,0,0,0,0,0,0,0,0,0,0,0,0
3480.0,2020,0,0,0,0,0,0,0,0,0,0,0,0
3480.0,2021,0,0,0,0,0,0,0,0,0,0,0,0
3480.0,2022,1,0,0,0,0,1,1,0,1,1,1,1
3480.0,2023,0,0,0,0,0,0,0,0,0,0,0,0
3480.0,2024,0,0,0,0,0,0,0,0,0,0,0,0
3480.0,2025,0,0,0,0,0,0,0,0,0,0,0,0
3482.0,2020,0,0,1,1,0,1,1,0,0,0,0,0
3482.0,2021,1,1,0,1,1,0,0,0,0,0,0,1
3482.0,2022,0,0,0,0,0,0,0,0,0,0,0,0
3482.0,2023,0,0,0,0,0,0,0,0,0,0,0,0
3482.0,2024,0,0,0,0,0,0,0,0,0,0,0,0
3482.0,2025,0,0,0,0,0,0,0,0,0,0,0,0
3519.0,2020,0,0,0,0,0,0,0,0,0,0,0,0
3519.0,2021,0,0,0,1,0,1,0,0,1,0,1,0
3519.0,2022,1,0,0,0,0,1,0,1,0,0,0,0
3519.0,2023,0,0,0,0,0,0,0,0,0,0,0,0
3519.0,2024,0,0,0,0,0,0,0,0,0,0,0,0
3519.0,2025,0,0,0,0,0,0,0,0,0,0,0,0
3534.0,2020,0,1,0,0,1,0,0,0,0,0,0,0
3534.0,2021,0,0,0,0,0,0,0,0,1,0,0,0
3534.0,2022,0,0,0,0,0,1,0,0,0,0,0,0
3534.0,2023,1,1,0,0,1,0,0,0,0,1,0,0
3534.0,2024,1,0,0,1,0,0,0,1,0,1,0,1
3534.0,2025,0,0,0,0,0,0,1,1,0,0,0,1
3544.0,2020,0,0,0,0,0,0,0,0,0,0,0,0
3544.0,2021,0,0,0,0,0,0,0,0,0,0,0,0
3544.0,2022,0,0,0,0,0,0,0,0,0,0,0,0
3544.0,2023,1,1,1,1,0,1,1,1,1,0,1,1
3544.0,2024,0,0,0,0,0,0,0,0,0,0,0,0
3544.0,2025,0,0,0,0,0,0,0,0,0,0,0,0
3555.0,2020,0,0,0,0,0,0,0,0,0,0,0,0
3555.0,2021,0,0,0,0,0,0,0,0,0,0,0,0
3555.0,2022,0,0,0,0,0,0,0,0,0,0,0,0
3555.0,2023,1,1,1,1,1,1,1,1,1,1,1,0
3555.0,2024,0,0,0,0,0,0,0,0,0,0,0,0
3555.0,2025,0,0,0,0,0,0,0,0,0,0,0,0
3590.0,2020,0,0,0,0,0,0,0,0,0,0,0,0
3590.0,2021,1,1,1,1,0,1,1,0,1,1,1,1
3590.0,2022,1,1,1,1,0,1,1,0,0,0,1,0
3590.0,2023,0,0,0,0,0,0,0,0,0,0,0,0
3590.0,2024,0,0,0,0,0,0,0,0,0,0,0,0
3590.0,2025,0,0,0,0,0,0,0,0,0,0,0,0
3602.0,2020,0,0,0,0,0,0,0,0,0,0,0,0
3602.0,2021,0,0,0,1,1,1,0,0,0,1,0,0
3602.0,2022,0,0,0,0,0,0,1,0,0,1,0,0
3602.0,2023,0,0,0,0,1,0,1,0,0,0,0,1
3602.0,2024,0,0,0,0,0,0,0,0,0,0,0,0
3602.0,2025,0,0,0,0,0,0,0,0,0,0,0,0
3609.0,2020,0,0,0,0,0,0,0,0,0,0,0,0
3609.0,2021,0,0,0,1,0,1,0,0,0,0,1,1
3609.0,2022,0,0,0,0,0,0,0,0,0,0,0,0
3609.0,2023,0,0,0,0,0,0,0,0,0,0,0,0
3609.0,2024,0,0,0,0,0,1,0,0,0,0,0,0
3609.0,2025,0,1,0,1,1,0,0,0,1,0,0,0
3615.0,2020,0,0,0,0,0,0,0,0,0,0,0,0
3615.0,2021,1,0,0,1,0,1,1,0,0,0,1,1
3615.0,2022,1,1,1,0,1,1,1,0,1,1,0,0
3615.0,2023,0,0,0,0,0,0,0,0,0,0,0,0
3615.0,2024,0,0,0,0,0,0,0,0,0,0,0,0
3615.0,2025,0,0,0,0,0,0,0,0,0,0,0,0
3649.0,2020,0,0,0,0,0,0,0,0,0,0,0,0
3649.0,2021,0,0,0,0,0,0,0,0,0,0,0,0
3649.0,2022,0,0,0,0,0,0,0,0,0,0,0,0
3649.0,2023,1,0,1,0,0,0,0,0,0,0,0,1
3649.0,2024,0,0,0,0,0,0,0,0,0,0,0,0
3649.0,2025,0,0,0,0,0,0,0,0,1,0,0,0
3696.0,2020,0,1,0,0,0,0,0,0,0,0,1,0
3696.0,2021,0,0,1,0,0,1,1,0,0,0,0,0
3696.0,2022,0,0,0,0,0,0,1,1,0,0,0,0
3696.0,2023,0,0,0,0,0,0,0,0,0,0,0,1
3696.0,2024,0,0,0,0,0,0,0,0,0,0,0,0
3696.0,2025,0,0,0,0,0,0,0,0,0,0,0,0
3701.0,2020,0,0,0,0,1,0,0,0,0,0,1,0
3701.0,2021,0,0,1,0,0,0,0,1,0,0,1,0
3701.0,2022,0,0,0,0,0,0,0,0,0,0,0,0
3701.0,2023,0,0,0,0,1,1,0,0,0,0,0,0
3701.0,2024,1,0,0,1,0,1,0,0,0,0,0,0
3701.0,2025,0,0,0,0,0,0,0,0,0,0,0,0
3749.0,2020,0,0,0,0,0,0,0,0,0,0,0,0
3749.0,2021,0,0,1,0,0,1,1,0,0,1,1,0
3749.0,2022,0,1,0,0,1,0,0,0,0,0,0,1
3749.0,2023,0,0,0,1,0,0,1,0,0,1,1,0
3749.0,2024,1,0,0,1,0,0,1,0,0,1,0,0
3749.0,2025,1,0,0,0,0,1,0,0,0,1,0,0
3752.0,2020,0,0,0,0,0,0,0,0,0,0,0,0
3752.0,2021,0,0,0,0,0,0,0,0,0,0,0,0
3752.0,2022,0,1,1,0,1,0,0,0,0,0,0,0
3752.0,2023,0,0,0,0,0,1,0,0,1,0,0,0
3752.0,2024,0,0,0,1,1,1,0,1,1,1,0,0
3752.0,2025,0,1,0,0,0,1,0,1,0,0,0,0
3754.0,2020,0,0,1,1,0,1,0,0,0,1,1,0
3754.0,2021,1,1,0,0,0,0,1,0,1,0,1,0
3754.0,2022,1,1,1,0,0,0,0,0,0,0,0,1
3754.0,2023,0,0,0,0,0,0,0,0,0,0,0,0
3754.0,2024,0,0,0,0,0,0,0,0,0,0,0,0
3754.0,2025,0,0,0,0,0,0,0,0,0,0,0,0
3761.0,2020,0,0,0,0,0,0,0,0,0,0,0,0
3761.0,2021,0,0,0,0,0,0,0,0,0,0,0,0
3761.0,2022,0,0,0,0,0,0,0,0,0,0,0,0
3761.0,2023,1,1,0,1,0,0,1,1,1,1,0,1
3761.0,2024,0,0,0,0,0,0,0,0,0,0,0,0
3761.0,2025,0,0,0,0,0,0,0,0,0,0,0,0
3781.0,2020,1,0,0,0,0,0,0,0,0,0,0,0
3781.0,2021,1,0,0,1,1,0,0,0,0,0,0,1
3781.0,2022,0,1,1,0,0,1,0,0,0,0,0,1
3781.0,2023,0,0,0,0,0,0,0,0,0,0,0,0
3781.0,2024,0,0,0,0,0,0,0,0,0,0,0,0
3781.0,2025,0,0,0,0,0,0,0,0,0,0,0,0
3793.0,2020,0,0,0,0,0,0,0,1,0,1,0,1
3793.0,2021,0,0,0,0,0,0,1,1,0,0,0,0
3793.0,2022,0,1,0,1,0,0,0,0,0,0,0,0
3793.0,2023,0,1,0,0,0,1,0,0,1,0,0,0
3793.0,2024,0,0,1,0,1,0,0,0,0,0,0,0
3793.0,2025,0,0,0,1,0,1,0,1,0,0,0,0
3794.0,2020,0,0,0,0,0,1,0,1,0,0,0,0
3794.0,2021,0,0,0,0,0,0,0,0,0,0,0,0
3794.0,2022,0,0,0,0,0,0,0,0,0,0,0,0
3794.0,2023,0,0,0,0,0,0,0,1,0,0,0,0
3794.0,2024,1,0,0,0,0,0,0,0,0,0,0,0
3794.0,2025,0,0,1,0,0,0,0,0,0,0,0,0
3797.0,2020,0,0,0,0,0,0,0,0,0,0,0,0
3797.0,2021,0,0,0,0,0,0,0,0,0,1,0,0
3797.0,2022,0,1,0,0,0,0,0,0,0,0,0,0
3797.0,2023,1,0,1,0,0,0,0,0,0,0,0,0
3797.0,2024,0,0,0,0,0,0,0,0,0,0,0,0
3797.0,2025,0,0,0,0,1,0,0,0,0,0,0,0
3800.0,2020,0,0,0,1,0,0,0,0,0,1,0,0
3800.0,2021,0,0,0,1,1,1,0,0,1,0,0,0
3800.0,2022,0,0,0,0,0,0,1,0,1,0,0,0
3800.0,2023,1,0,0,0,0,0,0,0,0,0,0,1
3800.0,2024,0,0,0,0,0,0,0,0,0,0,0,0
3800.0,2025,0,0,0,0,0,0,0,0,0,1,0,0
3816.0,2020,0,0,0,0,0,0,0,0,0,0,0,0
3816.0,2021,1,1,1,0,0,0,0,0,0,0,0,0
3816.0,2022,0,0,0,0,0,1,1,0,0,0,0,0
3816.0,2023,0,0,0,0,0,0,0,0,0,0,0,0
3816.0,2024,0,0,0,0,0,0,0,0,0,0,1,0
3816.0,2025,1,0,0,0,0,1,0,0,0,0,0,0
3850.0,2020,0,1,0,0,1,0,1,0,0,0,0,0
3850.0,2021,0,0,1,0,0,1,0,0,1,0,1,1
3850.0,2022,1,0,0,0,0,0,0,1,0,0,0,0
3850.0,2023,0,0,0,0,0,0,0,0,0,0,0,0
3850.0,2024,0,0,0,0,0,0,0,0,0,0,0,0
3850.0,2025,0,0,0,0,0,0,0,0,0,0,0,0
3857.0,2020,0,0,0,0,0,0,0,0,0,0,0,0
3857.0,2021,0,0,0,0,0,0,0,0,0,0,0,0
3857.0,2022,1,1,0,1,1,0,0,1,1,1,1,1
3857.0,2023,0,0,0,0,0,0,0,0,0,0,0,0
3857.0,2024,0,0,0,0,0,0,0,0,0,0,0,0
3857.0,2025,0,0,0,0,0,0,0,0,0,0,0,0
3891.0,2020,0,0,0,0,0,0,0,0,0,0,0,0
3891.0,2021,0,0,0,0,0,0,0,0,0,0,0,0
3891.0,2022,0,0,0,0,0,0,0,0,0,1,0,1
3891.0,2023,1,1,1,1,0,0,0,0,0,0,1,0
3891.0,2024,0,0,0,0,0,0,0,0,0,0,0,0
3891.0,2025,0,0,0,1,0,1,0,0,0,1,0,0
3912.0,2020,1,1,0,1,0,0,0,0,0,0,0,1
3912.0,2021,0,1,0,0,0,0,0,0,0,1,0,0
3912.0,2022,0,0,0,0,0,0,0,0,0,0,0,0
3912.0,2023,0,0,0,0,0,0,0,0,0,0,0,0
3912.0,2024,0,0,0,0,0,0,0,0,0,0,0,0
3912.0,2025,0,0,0,0,0,0,0,0,0,0,0,0
3916.0,2020,0,0,0,0,0,0,0,0,0,0,0,0
3916.0,2021,0,0,0,0,0,0,0,0,0,0,0,0
3916.0,2022,1,0,0,1,1,0,0,0,0,0,0,1
3916.0,2023,0,0,0,0,0,0,0,0,0,1,0,0
3916.0,2024,0,1,0,0,1,1,0,0,0,1,0,0
3916.0,2025,1,0,0,0,0,0,1,0,1,0,1,0
3921.0,2020,1,0,1,1,0,0,0,1,0,1,1,0
3921.0,2021,0,1,0,0,0,0,0,1,0,1,1,0
3921.0,2022,0,1,1,1,0,1,0,0,0,0,0,0
3921.0,2023,0,0,0,0,0,0,0,0,0,0,0,0
3921.0,2024,0,0,0,0,0,0,0,0,0,0,0,0
3921.0,2025,0,0,0,0,0,0,0,0,0,0,0,0
3928.0,2020,0,0,0,0,0,0,0,0,0,0,0,0
3928.0,2021,0,0,1,1,1,1,1,1,1,1,1,0
3928.0,2022,0,0,0,0,0,0,0,0,0,0,0,0
3928.0,2023,0,0,0,0,0,0,0,0,0,0,0,0
3928.0,2024,0,0,0,0,0,0,0,0,0,0,0,0
3928.0,2025,0,0,0,0,0,0,0,0,0,0,0,0
3935.0,2020,0,0,1,0,0,0,0,1,1,0,0,0
3935.0,2021,0,0,1,0,0,1,0,1,0,1,0,0
3935.0,2022,0,0,1,1,1,1,0,0,0,1,1,0
3935.0,2023,0,0,0,0,0,0,1,0,1,0,0,0
3935.0,2024,0,0,0,1,1,1,0,0,0,0,0,1
3935.0,2025,0,0,1,0,0,0,0,0,0,0,1,0
3943.0,2020,0,1,1,0,0,1,0,0,1,1,0,0
3943.0,2021,1,1,0,0,1,0,0,0,1,0,0,1
3943.0,2022,0,0,0,0,0,0,0,0,0,0,0,0
3943.0,2023,0,0,0,0,0,0,0,0,0,0,0,0
3943.0,2024,0,0,0,0,0,0,0,0,0,0,0,0
3943.0,2025,0,0,0,0,0,0,0,0,0,0,0,0
3950.0,2020,0,0,0,0,0,0,0,0,0,0,0,0
3950.0,2021,0,0,0,0,0,0,0,0,0,0,0,0
3950.0,2022,0,0,0,0,0,0,0,0,0,0,0,0
3950.0,2023,0,0,1,1,0,0,0,0,0,0,0,0
3950.0,2024,1,0,0,0,0,0,0,1,0,0,1,0
3950.0,2025,0,0,0,0,0,0,0,0,0,0,0,0
3966.0,2020,1,0,1,0,1,1,0,0,1,0,1,1
3966.0,2021,0,0,0,0,0,0,0,0,0,0,0,1
3966.0,2022,0,0,0,0,0,0,0,0,0,0,0,0
3966.0,2023,0,0,0,0,0,0,0,0,0,0,0,0
3966.0,2024,0,0,0,0,0,0,0,0,0,0,0,0
3966.0,2025,0,0,0,0,0,0,0,0,0,0,0,0
3982.0,2020,0,0,0,0,0,0,0,0,0,0,0,0
3982.0,2021,0,0,0,0,0,0,0,0,0,0,0,0
3982.0,2022,0,0,0,1,0,0,1,1,0,0,0,0
3982.0,2023,1,0,0,0,0,0,0,1,0,1,1,1
3982.0,2024,0,0,0,0,1,0,0,0,0,0,0,0
3982.0,2025,1,0,1,0,1,1,0,0,0,0,1,0
3987.0,2020,0,0,0,0,0,0,0,0,0,0,0,0
3987.0,2021,0,0,0,0,0,0,0,0,0,0,0,0
3987.0,2022,1,1,1,1,1,0,1,1,0,0,1,0
3987.0,2023,0,0,0,0,0,0,0,0,0,0,0,0
3987.0,2024,0,0,0,0,0,0,0,0,0,0,0,0
3987.0,2025,0,0,0,0,0,0,0,0,0,0,0,0
